user_input,reference_contexts,reference,synthesizer_name
Whaat is Lucida Bright?,"['electronic or mechanical means (including photocopying, recording, or informa-\nFor information about special quantity discounts, please email special_sales@mitpress.mit.edu.\nTypeset in 10/13 Lucida Bright by the author using LATEX2ε. Printed and bound in the United States of America.\nIntroduction to machine learning / Ethem Alpaydin—3rd ed.']","Lucida Bright is the typeface used for typesetting the book, set in 10/13 size by the author using LATEX2ε.",single_hop_specifc_query_synthesizer
What is machine learning?,"['Machine learning must be one of the fastest growing ﬁelds in computer science. It is not only that the data is continuously getting ""bigger,"" but also the theory to process it and turn it into knowledge. In various ﬁelds of science, from astronomy to biology, but also in everyday life, as dig- ital technology increasingly inﬁltrates our daily existence, as our digital footprint deepens, more data is continuously generated and collected. Whether scientiﬁc or personal, data that just lies dormant']","Machine learning is one of the fastest growing fields in computer science, involving the theory and methods to process and turn continuously growing data into knowledge.",single_hop_specifc_query_synthesizer
Howw doess machine learingg playy a largerr and largerr rolee in turningg dataa intoo a usefull productt or servicee?,"['passively is not of any use, and smart people have been ﬁnding ever new ways to make use of that data and turn it into a useful product or service. In this transformation, machine learning plays a larger and larger role.']",Machine learning plays a larger and larger role in the transformation of data into a useful product or service.,single_hop_specifc_query_synthesizer
How did the landscape of data change starting from 2010 according to the context?,"['This data evolution has been continuing even stronger since the sec- ond edition appeared in 2010. Every year, datasets are getting larger. Not only has the number of observations grown, but the number of observed attributes has also increased signiﬁcantly. There is more structure to the data: It is not just numbers and character strings any more but im- ages, video, audio, documents, web pages, click logs, graphs, and so on. More and more, the data moves away from the parametric assumptions we']","Since 2010, datasets have been getting larger each year, with increases not only in the number of observations but also in the number of observed attributes. The data has become more structured, now including images, video, audio, documents, web pages, click logs, graphs, and more, moving away from just numbers and character strings.",single_hop_specifc_query_synthesizer
What is covered about canonical correlation analysis in Chapter 6?,"['This is one of the areas where signiﬁcant research has been done in recent years—namely, to infer this hidden model from observed data. Most of the revisions in this new edition are related to these advances. Chapter 6 contains new sections on feature embedding, singular value decomposition and matrix factorization, canonical correlation analysis, and Laplacian eigenmaps.']",Chapter 6 contains new sections on canonical correlation analysis.,single_hop_specifc_query_synthesizer
what in chapter 8,"['There are new sections on distance estimation in chapter 8 and on ker- nel machines in chapter 13: Dimensionality reduction, feature extraction, and distance estimation are three names for the same devil—the ideal distance measure is deﬁned in the space of the ideal hidden features, and they are fewer in number than the values we observe.']",chapter 8 got new sections on distance estimation,single_hop_specifc_query_synthesizer
"how algorithm specialization relate to learning algorithm complexity, and what way can filter redundant instances when making specialized algorithms for datasets?","['<1-hop>\n\nedly while tailoring a new algorithm, we are generating a new set of ""UCI algorithms"" specialized for those datasets. It is like students who are studying for a course by solving a set of example questions only. As we see in later chapters, diﬀerent algorithms are better on diﬀerent tasks anyway, and therefore it is best to keep one application in mind, to have one or a number of large datasets drawn for that and compare algorithms on those, for that speciﬁc task.', '<2-hop>\n\n4. The complexity of most learning algorithms is a function of the training set.\nCan you propose a ﬁltering algorithm that ﬁnds redundant instances?\nSOLUTION: The instances that aﬀect the hypothesis are those that are in the vicinity of instances with a diﬀerent label. A positive instance that is surrounded on all sides by many positive instances is not needed, nor is a negative instance surrounded by many negative instances. We discuss such neighbor-based methods in chapter 8.']","when making specialized algorithms for datasets, like making new set of UCI algorithms for specific tasks, the complexity of learning algorithms depend on the training set. to handle this, you can use a filtering algorithm that finds redundant instances, for example by removing instances that are surrounded by others with the same label, since they do not affect the hypothesis. this helps reduce complexity while keeping the algorithm specialized for the dataset.",multi_hop_abstract_query_synthesizer
"How does the process of model selection using training and validation sets relate to the concept of inductive bias in machine learning, and why is inductive bias necessary for effective learning?","['<1-hop>\n\nset. We simulate this by dividing the dataset we have into two parts. We use one part for training (i.e., to ﬁt a hypothesis), and the remaining part is called the validation set and is used to test the generalization ability. That is, given a set of possible hypothesis classes Hi, for each we ﬁt the best hi ∈ Hi on the training set. Then, assuming large enough training and validation sets, the hypothesis that is the most accurate on the validation set is the best one (the one that has the best', '<2-hop>\n\nSo because learning is ill-posed, and data by itself is not suﬃcient to ﬁnd the solution, we should make some extra assumptions to have a unique solution with the data we have. The set of assumptions we make to have learning possible is called the inductive bias of the learning al- gorithm. One way we introduce inductive bias is when we assume a hypothesis class H. In learning the class of family cars, there are in- ﬁnitely many ways of separating the positive examples from the negative']","Model selection in machine learning involves dividing the available dataset into a training set, used to fit hypotheses from different hypothesis classes, and a validation set, used to test the generalization ability of these hypotheses. The hypothesis that performs best on the validation set is considered the best model. However, because learning is inherently ill-posed and data alone is not sufficient to guarantee a unique solution, it is necessary to introduce extra assumptions, known as inductive bias. Inductive bias is incorporated by selecting a specific hypothesis class, which restricts the set of possible solutions and makes learning feasible. Thus, model selection relies on inductive bias to ensure that the learning algorithm can generalize effectively from the data, as the inductive bias provides the necessary assumptions to guide the learning process toward a unique and practical solution.",multi_hop_abstract_query_synthesizer
"How can rule learning from data be applied to customer segmentation using customer attributes such as gender, age, and marital status?","['<1-hop>\n\nLearning a rule from data also allows knowledge extraction. The rule is a simple model that explains the data, and looking at this model we have an explanation about the process underlying the data. For example, once we learn the discriminant separating low-risk and high-risk customers, we have the knowledge of the properties of low-risk customers. We can then use this information to target potential low-risk customers more ef- ﬁciently, for example, through advertising. Learning also performs', '<2-hop>\n\nWe may want to make a distinction among customers and toward this, estimate P(Y|X,D) where D is the set of customer attributes, for exam- ple, gender, age, marital status, and so on, assuming that we have access to this information. If this is a bookseller instead of a supermarket, prod- ucts can be books or authors. In the case of a web portal, items corre- spond to links to web pages, and we can estimate the links a user is likely to click and use this information to download such pages in']","Rule learning from data enables knowledge extraction by creating simple models that explain the underlying process, such as identifying the properties of low-risk customers. By estimating probabilities like P(Y|X,D), where D represents customer attributes such as gender, age, and marital status, we can distinguish among customers and segment them effectively. This segmentation allows for more efficient targeting, for example, through advertising or personalized recommendations.",multi_hop_abstract_query_synthesizer
how predictive models and policy learning is related in machine learning when system output is sequence of actions?,"['<1-hop>\n\nMachine learning is programming computers to optimize a performance criterion using example data or past experience. We have a model deﬁned up to some parameters, and learning is the execution of a computer pro- gram to optimize the parameters of the model using the training data or past experience. The model may be predictive to make predictions in the future, or descriptive to gain knowledge from data, or both.', '<2-hop>\n\nIn some applications, the output of the system is a sequence of actions. In such a case, a single action is not important; what is important is the policy that is the sequence of correct actions to reach the goal. There is no such thing as the best action in any intermediate state; an action is good if it is part of a good policy. In such a case, the machine learning program should be able to assess the goodness of policies and learn from past good action sequences to be able to generate a']","predictive models in machine learning is used to make predictions in the future using example data or past experience. when the system output is a sequence of actions, policy learning is important because the goal is to learn a good policy, which is a sequence of correct actions to reach the goal. so, predictive models can help in making predictions about future states or rewards, and policy learning uses this to assess and improve the sequence of actions, learning from past good action sequences to generate better policies.",multi_hop_abstract_query_synthesizer
How do machine learning algorithms address the problem of multiple consistent hypotheses in classification tasks?,"['<1-hop>\n\nThe same problem also exists in other learning applications, in classi- ﬁcation, and in regression. As we see more training examples, we know more about the underlying function, and we carve out more hypotheses that are inconsistent from the hypothesis class, but we still are left with many consistent hypotheses.', '<2-hop>\n\nDiﬀerent machine learning algorithms diﬀer either in the models they assume (their hypothesis class/inductive bias), the loss measures they employ, or the optimization procedure they use. We will see many exam- ples in the coming chapters.\nMitchell proposed version spaces and the candidate elimination algo- rithm to incrementally build S and G as instances are given one by one;']","Machine learning algorithms address the problem of multiple consistent hypotheses in classification tasks by differing in the models they assume (their hypothesis class or inductive bias), the loss measures they employ, and the optimization procedures they use. For example, Mitchell proposed version spaces and the candidate elimination algorithm to incrementally build sets of hypotheses as instances are provided, helping to narrow down the consistent hypotheses.",multi_hop_abstract_query_synthesizer
how statistical inference relate to optimization algorithms in machine learning,"['<1-hop>\n\nIn statistics, going from particular observations to general descriptions is called inference and learning is called estimation. Classiﬁcation is called discriminant analysis in statistics (McLachlan 1992; Hastie, Tib- shirani, and Friedman 2011). Before computers were cheap and abun- dant, statisticians could only work with small samples. Statisticians, be- ing mathematicians, worked mostly with simple parametric models that could be analyzed mathematically. In engineering, classiﬁcation is', '<2-hop>\n\nalgorithms to solve the optimization problem, as well as to store and pro- cess the massive amount of data we generally have. Second, once a model is learned, its representation and algorithmic solution for inference needs to be eﬃcient as well. In certain applications, the eﬃciency of the learn- ing or inference algorithm, namely, its space and time complexity, may be as important as its predictive accuracy.\nLet us now discuss some example applications in more detail to gain']","statistical inference in machine learning is about going from observations to general descriptions, called estimation. optimization algorithms are used to solve the problems that arise when learning these models from data, especially when dealing with massive amounts of data. so, inference gives the framework, and optimization algorithms help find the best model efficiently.",multi_hop_abstract_query_synthesizer
"how capacity and inductive bias work together in learning, like if you got a hypothesis class with bigger capacity, does that mean you need more or less inductive bias, and why is that important for finding a solution when data not enough?","['<1-hop>\n\nBut we know that each hypothesis class has a certain capacity and can learn only certain functions. The class of functions that can be learned can be extended by using a hypothesis class with larger capacity, contain- ing more complex hypotheses. For example, the hypothesis class that is a union of two rectangles has higher capacity, but its hypotheses are more complex. Similarly in regression, as we increase the order of the polyno- mial, the capacity and complexity increase. The question now', '<2-hop>\n\nSo because learning is ill-posed, and data by itself is not suﬃcient to ﬁnd the solution, we should make some extra assumptions to have a unique solution with the data we have. The set of assumptions we make to have learning possible is called the inductive bias of the learning al- gorithm. One way we introduce inductive bias is when we assume a hypothesis class H. In learning the class of family cars, there are in- ﬁnitely many ways of separating the positive examples from the negative']","each hypothesis class got a certain capacity, which means it can learn only certain functions, and if you use a class with bigger capacity, like more complex hypotheses, you can learn more complex functions. but learning is ill-posed, so just data is not enough to find a unique solution. that’s why you need inductive bias, which is the extra assumptions you make, like picking a hypothesis class H. so, when you increase capacity, you might need to adjust your inductive bias to make sure learning is possible and you can find a solution even if data is not enough.",multi_hop_abstract_query_synthesizer
"Cud yu explane how θ is used in the context of p(x|θ,X) and why it is considerd suﬃcient for the distribution?","['p(x|θ,X) = p(x|θ) because once we know θ, the suﬃcient statistics, we know everything about the distribution. Thus we are taking an average over predictions using all values of θ, weighted by their probabilities. If we are doing a prediction in the form, y = g(x|θ), as in regression, then we have (cid:27)']","θ is used in p(x|θ,X) such that p(x|θ,X) = p(x|θ), because once we know θ, the suﬃcient statistics, we know everything about the distribution.",single_hop_specifc_query_synthesizer
How does the assumption that p(θ|X) has a narrow peak around its mode simplify calculations in Bayesian inference?,"['Evaluating the integrals may be quite diﬃcult, except in cases where the posterior has a nice form. When the full integration is not feasible, we reduce it to a single point. If we can assume that p(θ|X) has a nar- row peak around its mode, then using the maximum a posteriori (MAP) estimate will make the calculation easier:\nthus replacing a whole density with a single point, getting rid of the inte- gral and using as\np(x|X) = p(x|θMAP) yMAP = g(x|θMAP)']","If we can assume that p(θ|X) has a narrow peak around its mode, then using the maximum a posteriori (MAP) estimate will make the calculation easier by replacing a whole density with a single point, thus getting rid of the integral and using p(x|X) = p(x|θMAP).",single_hop_specifc_query_synthesizer
wht is c in ths context?,"['The reason for taking the expected value is that the best estimate of a random variable is its mean. Let us say θ is the variable we want to predict with E[θ] = μ. It can be shown that if c, a constant value, is our estimate of θ, then\nwhich is minimum if c is taken as μ. In the case of a normal density, the mode is the expected value and if p(θ|X) is normal, then θBayes = θMAP. As an example, let us suppose xt ∼ N(θ,σ 2) and θ ∼ N(μ0,σ 2 0 ),\nIt can be shown that p(θ|X) is normal with']","In this context, c is a constant value used as an estimate of the random variable θ.",single_hop_specifc_query_synthesizer
"Explain, using the context of covariance and the estimation of the sample covariance matrix, how the independence of variables leads to zero covariance, and why a zero covariance does not necessarily imply independence, especially considering possible dependence between variables.","['<1-hop>\n\nIf two variables are independent, then their covariance, and hence their correlation, is 0. However, the converse is not true: The variables may be dependent (in a nonlinear way), and their correlation may be 0.\nGiven a multivariate sample, estimates for these parameters can be calculated: The maximum likelihood estimator for the mean is the sample mean, m. Its ith dimension is the average of the ith column of X:\nThe estimator of Σ is S, the sample covariance matrix, with entries', '<2-hop>\n\nv11v21 + v12v22 will be high. If the covariance is low, then x1 and x2 de- pend on diﬀerent factors and in the products in the sum, one term will be high and the other will be low and the sum will be low.\nThus Cov(x,z) = V, and we see that the loadings represent the corre-\nGiven S, the estimator of Σ, we would like to ﬁnd V and Ψ such that']","If two variables are independent, their covariance—and therefore their correlation—is zero, as stated in the context. This is because independence ensures that the variables do not influence each other, resulting in no linear relationship, which is what covariance measures. The sample covariance matrix S, estimated from a multivariate sample, captures these relationships between variables. However, the converse is not true: a zero covariance does not necessarily mean the variables are independent. The context explains that variables may be dependent in a nonlinear way, and yet their correlation (and covariance) can still be zero. This means that while the sample covariance matrix can indicate independence when entries are zero, it cannot rule out all forms of dependence, as some dependencies do not manifest as linear relationships. Therefore, zero covariance only guarantees the absence of linear dependence, not complete independence.",multi_hop_abstract_query_synthesizer
How does Principal Component Analysis (PCA) use the covariance matrix to identify directions of highest variance in data?,"['<1-hop>\n\nThe mean vector μ is deﬁned such that each of its elements is the mean of one column of X:\nThe variance of Xi is denoted as σ 2\nwith σij = σji, and when i = j, σii = σ 2 i . With d variables, there are d variances and d(d −1)/2 covariances, which are generally represented as a d ×d matrix, named the covariance matrix, denoted as Σ, whose (i,j)th element is σij:\nThe diagonal terms are the variances, the oﬀ-diagonal terms are the\ncovariances, and the matrix is symmetric. In vector-matrix notation', '<2-hop>\n\nLet us see an example to get some intuition (Rencher 1995): Assume we are given a class of students with grades on ﬁve courses and we want to order these students. That is, we want to project the data onto one dimension, such that the diﬀerence between the data points become most apparent. We can use PCA. The eigenvector with the highest eigenvalue is the direction that has the highest variance, that is, the direction on which the students are most spread out. This works better than taking', '<3-hop>\n\nRemember that X is the N × d data matrix where N is the number of instances and d is the input dimensionality. The covariance matrix of x\nis d × d and is equal to XTX if X is centered to have zero mean (without loss of generality). Principal component analysis uses the eigenvectors of XTX. Remember that the spectral decomposition is']","Principal Component Analysis (PCA) uses the covariance matrix, which is a symmetric d × d matrix representing variances and covariances among variables, to identify directions of highest variance in data. Specifically, PCA computes the eigenvectors of the covariance matrix (or XTX if the data matrix X is centered), and the eigenvector with the highest eigenvalue indicates the direction along which the data has the greatest variance. This allows PCA to project data onto a dimension that maximizes the spread between data points.",multi_hop_abstract_query_synthesizer
how covariance and correlation show up in the covariance matrix Σ and what it mean if Σ is singular or has small determinant,"['<1-hop>\n\nLet us consider the bivariate case where d = 2 for visualization pur- poses (see ﬁgure 5.2). When the variables are independent, the major axes of the density are parallel to the input axes. The density becomes an ellipse if the variances are diﬀerent. The density rotates depending on the sign of the covariance (correlation). The mean vector is μT = [μ1,μ2], and the covariance matrix is usually expressed as\nThe joint bivariate density can be expressed in the form (see exercise 1)', '<2-hop>\n\nsamples are close to μ. Small |Σ| may also indicate that there is high correlation between variables. Σ is a symmetric positive deﬁnite matrix; If not so, Σ is this is the multivariate way of saying that Var(X) > 0. singular and its determinant is 0. This is either due to linear dependence between the dimensions or because one of the dimensions has variance 0. In such a case, dimensionality should be reduced to a get a positive deﬁnite matrix; we discuss methods for this in chapter 6.']","covariance and correlation are represented in the covariance matrix Σ, which is symmetric and positive definite when variables are independent or have positive variance. the sign of the covariance (correlation) affects the rotation of the density ellipse in the bivariate case. if Σ is singular or its determinant is 0, this means there is linear dependence between dimensions or one dimension has variance 0, so dimensionality should be reduced to get a positive definite matrix. small |Σ| can also mean high correlation between variables.",multi_hop_abstract_query_synthesizer
"How does the use of quadratic basis functions enable quadratic regression to be performed using a linear model, and how is this approach extended to classification tasks according to the provided context?","['<1-hop>\n\n8. In regression we saw that ﬁtting a quadratic is equivalent to ﬁtting a linear model with an extra input corresponding to the square of the input. Can we also do this in classiﬁcation? SOLUTION: Yes. We can deﬁne new, auxiliary variables corresponding to pow- ers and cross-product terms and then use a linear model. For example, just as in exercise 7, we can deﬁne z1 = x1, z2 = x2, z3 = x1x2, z4 = (x1)2, and z5 = (x2)2 and then use a linear model to learn wi,i = 0,...,5. The linear', '<2-hop>\n\nwhere z1 = x1, z2 = x2, z3 = x1x2, z4 = (x1)2, and z5 = (x2)2. We can then use linear regression to learn wi,i = 0,...,5. The linear ﬁt in the ﬁve-dimensional (z1,z2,z3,z4,z5) space corresponds to a quadratic ﬁt in the two-dimensional (x1,x2) space. We discuss such generalized linear models in more detail (and other nonlinear basis functions) in chapter 10.']","The use of quadratic basis functions allows quadratic regression to be performed using a linear model by introducing new auxiliary variables that represent powers and cross-product terms of the original inputs. Specifically, variables such as z1 = x1, z2 = x2, z3 = x1x2, z4 = (x1)^2, and z5 = (x2)^2 are defined, and a linear model is then fit in this expanded five-dimensional space. This linear fit in the (z1, z2, z3, z4, z5) space corresponds to a quadratic fit in the original two-dimensional (x1, x2) space. This approach can also be extended to classification tasks by defining similar auxiliary variables and using a linear model to learn the weights, thereby enabling the model to capture quadratic relationships in the data for both regression and classification.",multi_hop_abstract_query_synthesizer
how reducing dimensionality help with bias-variance tradeoff and what role does lambda play in this?,"['<1-hop>\n\n(cid:2) In most learning algorithms, the complexity depends on the number of input dimensions, d, as well as on the size of the data sample, N, and for reduced memory and computation, we are interested in reducing the dimensionality of the problem. Decreasing d also decreases the complexity of the inference algorithm during testing.\n(cid:2) When an input is decided to be unnecessary, we save the cost of ex-\n(cid:2) Simpler models are more robust on small datasets. Simpler models', '<2-hop>\n\n9. Let us say, given the samples Xi = {xt\n10. In equation 4.40, what is the eﬀect of changing λ on bias and variance?\nSOLUTION: λ controls smoothness: If it is large, we may smooth too much and decrease variance at the expense of an increase in bias; if it is small, bias may be small but variance will be high.\nBreiman, L. 1998. ""Bias-Variance, Regularization, Instability and Stabilization."" In Neural Networks and Machine Learning, ed. C. M. Bishop, 27–56. Berlin: Springer.']","reducing dimensionality make inference algorithm simpler and less complex, which help models be more robust on small datasets and can reduce variance. lambda is a parameter that control smoothness: if lambda is large, it smooths more, decreasing variance but increasing bias; if lambda is small, bias is low but variance is high. so both dimensionality reduction and tuning lambda affect the bias-variance tradeoff.",multi_hop_abstract_query_synthesizer
"How does regularization influence the estimation of covariance matrices in the context of Principal Component Analysis (PCA), and what is the relationship between constraining variance and bias in this process?","['<1-hop>\n\nSince Ψ is diagonal, covariances are represented by V. Note that PCA does not allow a separate Ψ and it tries to account for both the covari- ances and the variances. When all ψi are equal, namely, Ψ = ψI, we get probabilistic PCA (Tipping and Bishop 1999) and the conventional PCA is when ψi are 0.\nLet us now see how we can ﬁnd the factor loadings and the speciﬁc variances: Let us ﬁrst ignore Ψ. Then, from its spectral decomposition, we know that we have', '<2-hop>\n\nthat regularization corresponds to approaches where one starts with high variance and constrains toward lower variance, at the risk of increasing bias. In the case of parametric classiﬁcation with Gaussian densities, the covariance matrices can be written as a weighted average of the three special cases:\nWhen α = β = 0, this leads to a quadratic classiﬁer. When α = 0 and']","Regularization influences the estimation of covariance matrices in Principal Component Analysis (PCA) by constraining the variance, which can help prevent overfitting. In PCA, covariances are represented by the matrix V, and conventional PCA assumes specific variances ψi are zero, while probabilistic PCA assumes all ψi are equal. Regularization corresponds to starting with high variance and then constraining toward lower variance, which reduces variance but may increase bias. This trade-off is particularly relevant in parametric classification with Gaussian densities, where the covariance matrices can be adjusted as a weighted average of special cases, illustrating how regularization manages the balance between variance and bias in PCA.",multi_hop_abstract_query_synthesizer
Whaat is the rol of Jordan in the genralizashun of CCA for more than two sets of variabels?,"['reduction: We assume that there are hidden variables z that in combi- nation cause the observed variables x. Here, we can similarly think of hidden variables that generate x and y; actually, we may consider a and b together constituting z, the representation in the latent space.\nIt is possible to generalize CCA for more than two sets of variables. Bach and Jordan (2005) give a probabilistic interpretation of CCA where more than two sets of variables are possible.']",Bach and Jordan (2005) give a probabilistic interpretation of CCA where more than two sets of variables are possible.,single_hop_specifc_query_synthesizer
"Wht is the main limtation of Principal component analysis when apllied to high-dimensonal data such as face recogntion images, as discused in the context?","['Principal component analysis, which we discussed in section 6.3, works when the data lies in a linear subspace. However, this may not hold in many applications. Take, for example, face recognition where a face is represented as a two-dimensional, say 100 × 100 image. In this case, each face is a point in 10,000 dimensions. Now let us say that we take a series of pictures as a person slowly rotates his or her head from right to left. The sequence of face images we capture follows a trajectory in']","Principal component analysis works when the data lies in a linear subspace; however, this may not hold in many applications, such as face recognition, where each face image is a point in a very high-dimensional space and the data may not follow a linear subspace.",single_hop_specifc_query_synthesizer
why euclidean not good for faces?,"['the 10,000-dimensional space, and this is not linear. Now consider the faces of many people. The trajectories of all their faces as they rotate their faces deﬁne a manifold in the 10,000-dimensional space, and this is what we want to model. The similarity between two faces cannot sim- ply be written in terms of the sum of the pixel diﬀerences, and hence Euclidean distance is not a good metric. It may even be the case that im- ages of two diﬀerent people with the same pose have smaller Euclidean']",Euclidean distance is not a good metric for faces because the similarity between two faces cannot simply be written in terms of the sum of the pixel differences.,single_hop_specifc_query_synthesizer
"What is isometric feature mapping (Isomap), and how does it utilize geodesic distance and multidimensional scaling for dimensionality reduction?","['distance between them than the images of two diﬀerent poses of the same person. This is not what we want. What should count is the dis- tance along the manifold, which is called the geodesic distance. Isometric feature mapping (Isomap) (Tenenbaum, de Silva, and Langford 2000) es- timates this distance and applies multidimensional scaling (section 6.7), using it for dimensionality reduction.']","Isometric feature mapping (Isomap) estimates the geodesic distance, which is the distance along the manifold, and applies multidimensional scaling, using this approach for dimensionality reduction.",single_hop_specifc_query_synthesizer
How Isomap work?,"['Isomap uses the geodesic distances between all pairs of data points. For neighboring points that are close in the input space, Euclidean dis- tance can be used; for small changes in pose, the manifold is locally linear. For faraway points, geodesic distance is approximated by the sum of the distances between the points along the way over the manifold. This is done by deﬁning a graph whose nodes correspond to the N data points and whose edges connect neighboring points (those with distance less']","Isomap use geodesic distances between all pairs of data points, making a graph where nodes are data points and edges connect neighbors, then approximates faraway distances by summing along the manifold.",single_hop_specifc_query_synthesizer
"What does Figure 6.14 illustrate regarding the calculation of geodesic distance along the manifold compared to Euclidean distance, and how does this affect the mapping of instances from different classes after multidimensional scaling?","['Figure 6.14 Geodesic distance is calculated along the manifold as opposed to the Euclidean distance that does not use this information. After multidimen- sional scaling, these two instances from two classes will be mapped to faraway positions in the new space, though they are close in the original space.']","Figure 6.14 demonstrates that geodesic distance is calculated along the manifold, in contrast to Euclidean distance, which does not utilize manifold information. As a result, after multidimensional scaling, two instances from different classes that are close in the original space will be mapped to faraway positions in the new space.",single_hop_specifc_query_synthesizer
Wht is Euclidian distnce?,"['to Euclidean distances. The geodesic distance between any two points is calculated as the length of the shortest path between the corresponding two nodes. For two points that are not close by, we need to hop over a number of intermediate points along the way, and therefore the distance will be the distance along the manifold, approximated as the sum of local Euclidean distances (see ﬁgure 6.14).']",Euclidean distance is used locally to approximate the distance along the manifold as the sum of local Euclidean distances.,single_hop_specifc_query_synthesizer
"How do metric learning approaches, as discussed in the context of distance metrics, contribute to the effectiveness of similarity measures in classification tasks within computer vision?","['<1-hop>\n\nDistance estimation or metric learning is a popular research area; see Bellet, Habrard, and Sebban 2013 for a comprehensive recent survey. The diﬀerent ways similarity measures can be used in classiﬁcation are dis- cussed by Chen et al. (2009); examples of local distance methods in com- puter vision are given in Ramanan and Baker 2011.', '<2-hop>\n\nto be the distances arranged in ascending order, from x to the points in the sample: d1(x) is the distance to the nearest sample, d2(x) is the distance to the next nearest, and so on. If xt are the data points, then we deﬁne d1(x) = mint |x − xt|, and if i is the index of the closest sample, namely, i = argmint |x − xt|, then d2(x) = minj(cid:5)=i |x − xj|, and so forth.\nThe k-nearest neighbor (k-nn) density estimate is']","Metric learning approaches, as highlighted in the research area of distance estimation or metric learning, focus on designing or learning appropriate distance metrics that can effectively measure similarity between data points. In computer vision, these learned distance metrics are crucial for tasks such as classification, where similarity measures are used to compare high-dimensional data like facial images. The context explains that distances, such as those used in k-nearest neighbor methods, are computed between a query point and sample points, with the closest distances informing classification decisions. By learning suitable distance metrics, metric learning enhances the ability of similarity measures to accurately reflect meaningful relationships in the data, thereby improving classification performance in computer vision applications.",multi_hop_abstract_query_synthesizer
"how density function estimation and kernel-based estimation be related, and why kernel-based estimation not popular before?","['<1-hop>\n\nThe nonparametric estimator for the cumulative distribution function, F(x), at point x is the proportion of sample points that are less than or equal to x\nwhere #{xt ≤ x} denotes the number of training instances whose xt is less than or equal to x. Similarly, the nonparametric estimate for the density function, which is the derivative of the cumulative distribution, can be calculated as (cid:2)', '<2-hop>\n\nk-nearest neighbor and kernel-based estimation were proposed sixty years ago, but because of the need for large memory and computation, the ap- proach was not popular for a long time (Aha, Kibler, and Albert 1991). With advances in parallel processing and with memory and computation getting cheaper, such methods have recently become more widely used. Textbooks on nonparametric estimation are Silverman 1986 and Scott 1992. Dasarathy 1991 is a collection of many papers on k-nn and edit-']","density function estimation can be done by taking the derivative of the cumulative distribution function, and kernel-based estimation is one method for this. kernel-based estimation was not popular before because it needed large memory and computation, but now it is used more because memory and computation are cheaper.",multi_hop_abstract_query_synthesizer
"How does decision tree pruning, specifically the replacement of subtrees with leaf nodes based on pruning set error, improve the accuracy of decision trees, and how does this process differ from the initial construction of a decision tree using recursive splits?","['<1-hop>\n\nA decision tree is a hierarchical model for supervised learning whereby the local region is identiﬁed in a sequence of recursive splits in a smaller number of steps. A decision tree is composed of internal decision nodes and terminal leaves (see ﬁgure 9.1). Each decision node m implements a test function fm(x) with discrete outcomes labeling the branches. Given an input, at each node, a test is applied and one of the branches is taken depending on the outcome. This process starts at the root', '<2-hop>\n\nFor example, in the third tree of ﬁgure 9.5, there is a subtree starting with condition x < 6.31. This subtree can be replaced by a leaf node of y = 0.9 (as in the second tree) if the error on the pruning set does not increase during the substitution. Note that the pruning set should not be confused with (and is distinct from) the validation set.\nComparing prepruning and postpruning, we can say that prepruning is\nfaster but postpruning generally leads to more accurate trees.']","Decision tree pruning improves the accuracy of decision trees by replacing subtrees with leaf nodes when such substitution does not increase the error on the pruning set. For example, if a subtree starting with a condition like x < 6.31 can be replaced by a leaf node (such as y = 0.9) without increasing the pruning set error, this simplification is performed. This process, known as postpruning, generally leads to more accurate trees compared to prepruning, which is faster but less accurate. This differs from the initial construction of a decision tree, where the model is built through a sequence of recursive splits at decision nodes, each applying a test function to partition the data. Pruning, therefore, refines the tree after its initial construction by reducing complexity and potential overfitting, using a separate pruning set distinct from the validation set.",multi_hop_abstract_query_synthesizer
"How does the assumption of smoothness of functions in nonparametric estimation relate to the importance of the distance metric, and what are some approaches to measuring distance when dealing with discrete attributes?","['<1-hop>\n\nIn nonparametric estimation, all we assume is that similar inputs have similar outputs. This is a reasonable assumption: The world is smooth,\nand functions, whether they are densities, discriminants, or regression functions, change slowly. Similar instances mean similar things. We all love our neighbors because they are so much like us.', '<2-hop>\n\nThe most critical factor in nonparametric estimation is the distance metric used. With discrete attributes, we can simply use the Hamming distance where we just sum up the number of nonmatching attributes. More sophisticated distance functions are discussed in Wettschereck, Aha, and Mohri 1997 and Webb 1999.']","In nonparametric estimation, the assumption of smoothness of functions means that similar inputs are expected to have similar outputs, reflecting the idea that functions change slowly and neighboring instances are alike. This assumption makes the choice of distance metric critical, as it determines how similarity between inputs is quantified. For discrete attributes, a common approach is to use the Hamming distance, which sums the number of nonmatching attributes. More sophisticated distance functions for discrete data are discussed in works such as Wettschereck, Aha, and Mohri 1997 and Webb 1999.",multi_hop_abstract_query_synthesizer
"How do decision trees, specifically univariate decision trees, determine the structure of their discriminant regions in the input space, and how does the use of a single input dimension at each internal node affect the branching of the tree?","['<1-hop>\n\nEach fm(x) deﬁnes a discriminant in the d-dimensional input space dividing it into smaller regions that are further subdivided as we take a path from the root down. fm(·) is a simple function and when written down as a tree, a complex function is broken down into a series of simple decisions. Diﬀerent decision tree methods assume diﬀerent models for fm(·), and the model class deﬁnes the shape of the discriminant and the shape of regions. Each leaf node has an output label, which in the case of', '<2-hop>\n\nIn a univariate tree, in each internal node, the test uses only one of the input dimensions. If the used input dimension, xj, is discrete, taking one of n possible values, the decision node checks the value of xj and takes the corresponding branch, implementing an n-way split. For example, if an attribute is color ∈ {red, blue, green}, then a node on that attribute has three branches, each one corresponding to one of the three possible values of the attribute.']","Decision trees define discriminant regions in the d-dimensional input space by breaking down a complex function into a series of simple decisions, with each fm(x) representing a discriminant that divides the space into smaller regions as one moves from the root to the leaves. In univariate decision trees, each internal node uses only one input dimension for its test. If this input dimension is discrete with n possible values, the decision node implements an n-way split by checking the value of the chosen attribute and branching accordingly. For example, if the attribute is color with possible values red, blue, and green, the node will have three branches, each corresponding to one color. This approach shapes the discriminant regions and the overall structure of the tree by ensuring that each split is based on a single attribute at a time.",multi_hop_abstract_query_synthesizer
"how kernel estimator use kernel functions for smoothing, and what happen when h is small or big, explain with poor grammar and connect to kernel estimator and kernel functions","['<1-hop>\n\nFigure 8.10 Running mean smooth for various bin lengths.\nThis method is especially popular with evenly spaced data, such as time series. In applications where there is noise, we can use the median of the rt in the bin instead of their mean.\nAs in the kernel estimator, we can use a kernel giving less weight to fur- ther points, and we get the kernel smoother (see ﬁgure 8.11):', '<2-hop>\n\nTo simplify calculation, K(·) can be taken to be 0 if |x−xt| > 3h. There exist other kernels easier to compute that can be used, as long as K(u) is maximum for u = 0 and decreasing symmetrically as |u| increases.\nWhen h is small, each training instance has a large eﬀect in a small region and no eﬀect on distant points. When h is larger, there is more']","kernel estimator use kernel functions to give less weight to points far away, so closer points matter more for smoothing. kernel function K(u) is biggest when u is 0 and gets smaller when u get farther from 0, and sometimes K(·) is just 0 if |x−xt| more than 3h, make it easier to calculate. when h is small, each training point only affect small area, so only close points matter, but when h is big, more points have effect even if they far. this is how kernel estimator and kernel functions work together for smoothing.",multi_hop_abstract_query_synthesizer
"how clustering work when only got similarity measures, like if you got Brs between pairs, and how that help group data, especially when you want instances in same group more similar than in different group, explain with poor grammar and connect to hierarchical clustering too","['<1-hop>\n\nWe discussed clustering from a probabilistic point of view as ﬁtting a mixture model to the data, or in terms of ﬁnding code words minimizing reconstruction error. There are also methods for clustering that use only similarities of instances, without any other requirement on the data; the aim is to ﬁnd groups such that instances in a group are more similar to each other than instances in diﬀerent groups. This is the approach taken by hierarchical clustering.', '<2-hop>\n\nConsider the data instance xr ∈ (cid:7)d,r = 1,...,N and its projection zr ∈ (cid:7)k. Let us say that we are given a similarity value Brs between pairs of instances possibly calculated in some high-dimensional space such that it takes its maximum value if r and s are the same and decreases as they become dissimilar. Assume that the minimum possible value is 0 and that it is symmetric: Brs = Bsr (Belkin and Nyogi 2003). The aim is to']","clustering can work just with similarity measures, like you got Brs for each pair, which is high if two things are same and low if not, and Brs = Bsr so it don’t matter which order. you use these similarities to put stuff in groups so that things in same group are more similar to each other than to things in other groups. hierarchical clustering do this by just looking at similarities, no need for other info, and it keep merging or splitting groups based on how similar things are. so, if you got those Brs values, you can use them to make clusters where inside group similarity is high, and between group similarity is low, that’s the main idea.",multi_hop_abstract_query_synthesizer
what figure 9.6 show about decision tree and how each path from root to leaf can be wrote as rule with conditions from decision nodes?,"['Figure 9.6 Example of a (hypothetical) decision tree. Each path from the root to a leaf can be written down as a conjunctive rule, composed of conditions deﬁned by the decision nodes on the path.']","Figure 9.6 is an example of a hypothetical decision tree, and each path from the root to a leaf can be written down as a conjunctive rule, composed of conditions defined by the decision nodes on the path.",single_hop_specifc_query_synthesizer
What is a univariate tree in the context of decision trees?,"['A decision tree does its own feature extraction. The univariate tree only uses the necessary variables, and after the tree is built, certain features may not be used at all. We can also say that features closer to the root are more important globally. For example, the decision tree given in ﬁg- ure 9.6 uses x1, x2, and x4, but not x3. It is possible to use a decision tree for feature extraction: we build a tree and then take only those features used by the tree as inputs to another learning']","A univariate tree is a type of decision tree that only uses the necessary variables, and after the tree is built, certain features may not be used at all.",single_hop_specifc_query_synthesizer
Who Quinlan and what he do with decision trees?,"['Another main advantage of decision trees is interpretability: The de- cision nodes carry conditions that are simple to understand. Each path from the root to a leaf corresponds to one conjunction of tests, as all those conditions should be satisﬁed to reach to the leaf. These paths to- gether can be written down as a set of IF-THEN rules, called a rule base. One such method is C4.5Rules (Quinlan 1993).\nFor example, the decision tree of ﬁgure 9.6 can be written down as the']","Quinlan is mentioned as the creator of a method called C4.5Rules (Quinlan 1993), which is related to writing decision tree paths as a set of IF-THEN rules called a rule base.",single_hop_specifc_query_synthesizer
How does being thirty-nine or more years old affect the distinguishing characteristics in the data?,"['diﬀerent from people who are thirty-nine or more years old. And among this latter group, it is the job type that makes them diﬀerent, whereas in the former group, it is the number of years in a job that is the best discriminating characteristic. In the case of a classiﬁcation tree, there may be more than one leaf labeled with the same class. In such a case, these multiple conjunctive expressions corresponding to diﬀerent paths can be combined as a dis- junction (OR). The class region then']","For people who are thirty-nine or more years old, it is the job type that makes them different.",single_hop_specifc_query_synthesizer
wht does figure 9.1 show?,"['corresponds to a union of these mul- tiple patches, each patch corresponding to the region deﬁned by one leaf. For example, class C1 of ﬁgure 9.1 is written as']","Figure 9.1 shows class C1 written as a union of multiple patches, each patch corresponding to the region defined by one leaf.",single_hop_specifc_query_synthesizer
How rule induction work different from tree induction for making rules?,"['As we have just seen, one way to get IF-THEN rules is to train a decision tree and convert it to rules. Another is to learn the rules directly. Rule induction works similar to tree induction except that rule induction does a depth-ﬁrst search and generates one path (rule) at a time, whereas tree induction goes breadth-ﬁrst and generates all paths simultaneously.']","Rule induction do depth-first search and make one path or rule at a time, but tree induction do breadth-first and make all paths at once.",single_hop_specifc_query_synthesizer
how feature detection work in structured MLP and what cascade correlation do with new hidden layers?,"['<1-hop>\n\nFigure 11.14 A structured MLP. Each unit is connected to a local group of units below it and checks for a particular feature—for example, edge, corner, and so forth—in vision. Only one hidden unit is shown for each region; typically there are many to check for diﬀerent local features.', '<2-hop>\n\nFigure 11.17 Two examples of constructive algorithms. Dynamic node creation adds a unit to an existing layer. Cascade correlation adds each unit as a new hidden layer connected to all the previous layers. Dashed lines denote the newly added unit/connections. Bias units/weights are omitted for clarity.\nously existing weights that are not reinitialized and continue from their previous values.']","in structured MLP, each unit connect to local group below and check for particular feature like edge or corner, so it do feature detection in regions. cascade correlation is a constructive algorithm that add each new unit as a new hidden layer, and connect it to all previous layers, so it build up network by adding new layers for better learning.",multi_hop_abstract_query_synthesizer
"How does logistic discrimination contribute to the formation of decision nodes in classification trees, and what is the difference between univariate and multivariate decision nodes when all inputs are numeric?","['<1-hop>\n\nSimilarly, update rules can be derived for classiﬁcation problems using logistic discrimination where updates are done after each pattern, instead of summing them and doing the update after a complete pass over the training set. With two classes, for the single instance (xt,rt) where rt = 1 i if xt ∈ C1 and rt = 0 if xt ∈ C2, the single output is i\nEt(w|xt,rt) = −rt logyt − (1 − rt)log(1 − yt)\nUsing gradient descent, we get the following online update rule for', '<2-hop>\n\nIn the case of a univariate tree, only one input dimension is used at a split. In a multivariate tree, at a decision node, all input dimensions can be used and thus it is more general. When all inputs are numeric, a binary linear multivariate node is deﬁned as', '<3-hop>\n\nAs discussed in section 10.2, any speciﬁed function of the basic vari- ables can be included as x-variates. One can, for example, write the dis-\nFigure 10.9 For a two-dimensional problem with three classes, the solution found by logistic discrimination. Thin lines are where gi(x) = 0, and the thick line is the boundary induced by the linear classiﬁer choosing the maximum.']","Logistic discrimination contributes to the formation of decision nodes in classification trees by providing update rules for classification problems, where updates are performed after each pattern rather than after a complete pass over the training set. This approach allows for the adjustment of model parameters based on individual instances, as described by the online update rule derived using gradient descent. In the context of decision nodes, a univariate tree uses only one input dimension at each split, whereas a multivariate tree allows all input dimensions to be used at a decision node, making it more general. When all inputs are numeric, a binary linear multivariate node can be defined, enabling more complex and flexible decision boundaries compared to univariate nodes.",multi_hop_abstract_query_synthesizer
"in binary case neural network, how output layer use linear combination after hidden units check input conjunctions?","['<1-hop>\n\nThus in the binary case, for every input combination where the output is 1, we deﬁne a hidden unit that checks for that particular conjunction of\nthe input. The output layer then implements the disjunction. Note that this is just an existence proof, and such networks may not be practical as up to 2d hidden units may be necessary when there are d inputs. Such an architecture implements table lookup and does not generalize.', '<2-hop>\n\nThe output is a linear combination of the nonlinear basis function val- ues computed by the hidden units. It can be said that the hidden units make a nonlinear transformation from the d-dimensional input space to the H-dimensional space spanned by the hidden units, and, in this space, the second output layer implements a linear function.']","in binary case, for every input combination where output is 1, hidden unit checks that conjunction, then output layer use linear combination of nonlinear basis function values from hidden units. so, hidden units do nonlinear transformation, and output layer make linear function in that space.",multi_hop_abstract_query_synthesizer
"how backpropagation algorithm help with parameter fine-tuning during learning in multilayer perceptron, and what is the role of basis functions in this process?","['<1-hop>\n\nFigure 11.11 Backpropagation algorithm for training a multilayer perceptron for regression with K outputs. This code can easily be adapted for two-class classiﬁcation (by setting a single sigmoid output) and to K > 2 classiﬁcation (by using softmax outputs).\nwhere yi approximates P(Ci|xt). The error function is\nand we get the update equations using gradient descent:', '<2-hop>\n\nwhere m,a,b,c are scalars, m is a d-dimensional vector, and 1(b) returns 1 if b is true and returns 0 otherwise. The idea of writing a nonlinear function as a linear sum of nonlinear basis functions is an old idea and was originally called potential functions (Aizerman, Braverman, and Ro- zonoer 1964). Multilayer perceptrons (chapter 11) and radial basis func- tions (chapter 12) have the advantage that the parameters of the basis functions can be ﬁne-tuned to the data during learning. In']","backpropagation algorithm is used for training a multilayer perceptron by updating parameters using gradient descent, as shown in figure 11.11. this allows the model to adjust its parameters to minimize the error function. also, multilayer perceptrons use nonlinear basis functions, and the parameters of these basis functions can be fine-tuned to the data during learning. so, backpropagation provides the mechanism for parameter fine-tuning by updating the weights, and the use of basis functions allows the model to represent complex nonlinear relationships.",multi_hop_abstract_query_synthesizer
Whts the role of weight initialization in the pseudocode for learning with sigmoids?,"['<1-hop>\n\nWeights, whj,vh are started from small random values initially, for ex- ample, in the range [−0.01,0.01], so as not to saturate the sigmoids. It is also a good idea to normalize the inputs so that they all have 0 mean and unit variance and have the same scale, since we use a single η parameter. With the learning equations given here, for each pattern, we compute the direction in which each parameter needs be changed and the magni- tude of this change. In batch learning, we accumulate these', '<2-hop>\n\nPseudocode is given in ﬁgure 10.6. We see an example in ﬁgure 10.7 where the input is one-dimensional. Both the line wx + w0 and its value after the sigmoid are shown as a function of learning iterations. We see that to get outputs of 0 and 1, the sigmoid hardens, which is achieved by increasing the magnitude of w, or (cid:16)w(cid:16) in the multivariate case.']","Weight initialization involves starting weights from small random values, for example in the range [−0.01,0.01], to avoid saturating the sigmoids. In the pseudocode, this helps ensure that the learning process can adjust weights effectively as shown in the example where the sigmoid output hardens by increasing the magnitude of w during learning iterations.",multi_hop_abstract_query_synthesizer
likelihood-based classification use what for parameter estimation and how learning as model parameter optimization different?,"['<1-hop>\n\nIn likelihood-based classiﬁcation, the parameters were the suﬃcient statis- tics of p(x|Ci) and P(Ci), and the method we used to estimate the pa- In the discriminant-based approach, rameters is maximum likelihood.\nthe parameters are those of the discriminants, and they are optimized to minimize the classiﬁcation error on the training set. When w denotes the set of parameters and E(w|X) is the error with parameters w on the given training set X, we look for w∗ = argmin w', '<2-hop>\n\nLearning is the optimization of the model parameters Φi to maximize the quality of the separation, that is, the classiﬁcation accuracy on a given labeled training set. This diﬀers from the likelihood-based methods that search for the parameters that maximize sample likelihoods, separately for each class.']","likelihood-based classification use maximum likelihood to estimate parameters like sufficient statistics of p(x|Ci) and P(Ci). learning as model parameter optimization is different because it optimize model parameters to maximize classification accuracy, not just sample likelihoods.",multi_hop_abstract_query_synthesizer
How does MacKay 1992a relate to the use of Bayesian estimation in training multilayer perceptrons?,"['into account the prior more than the data; if λ is small, then the allowed variability of the parameters is larger. This approach of removing unnec- essary parameters is known as ridge regression in statistics.\nThis is another example of regularization with a cost function, combin-\ning the ﬁt to data and model complexity\nThe use of Bayesian estimation in training multilayer perceptrons is treated in MacKay 1992a, b. We are going to talk about Bayesian estima- tion in more detail in chapter 16.']","The use of Bayesian estimation in training multilayer perceptrons is treated in MacKay 1992a, b.",single_hop_specifc_query_synthesizer
What did Hinton contribute to the concept of soft weight sharing in neural networks?,"['Empirically, it has been seen that after training, most of the weights of a multilayer perceptron are distributed normally around 0, justifying the use of weight decay. But this may not always be the case. Nowlan and Hinton (1992) proposed soft weight sharing where weights are drawn from a mixture of Gaussians, allowing them to form multiple clusters, not one. Also, these clusters may be centered anywhere and not necessarily at 0, and have variances that are modiﬁable. This changes the prior of']","Nowlan and Hinton (1992) proposed soft weight sharing, where weights are drawn from a mixture of Gaussians, allowing them to form multiple clusters that may be centered anywhere and have modifiable variances.",single_hop_specifc_query_synthesizer
wut does equashun 11.36 do?,['equation 11.36 to a mixture of M ≥ 2 Gaussians'],equation 11.36 applies to a mixture of M ≥ 2 Gaussians.,single_hop_specifc_query_synthesizer
"In the context of neural network weight regularization, how is the term N(mj,s2 j ) defined, and what role does it play in the formulation of the prior for the weights?","['where αj are the priors and pj(wi) ∼ N(mj,s2 j ) are the component Gaus- sians. M is set by the user and αj,mj,sj are learned from the data. Using such a prior and augmenting the error function with its log dur- ing training, the weights converge to decrease error and also are grouped automatically to increase the log prior.']","N(mj,s2 j ) refers to the component Gaussians used as priors for the weights, where pj(wi) ∼ N(mj,s2 j ). The parameters mj and sj are learned from the data, and these component Gaussians form part of the prior that is incorporated into the error function during training. This approach allows the weights to converge in a way that both decreases error and groups the weights to increase the log prior.",single_hop_specifc_query_synthesizer
"Howw does a multilayer perceptron perfomr dimmensionality reducion when the numbr of hiddn units is less than the numbr of inputs, and what is the relashionship betwen this reducion and the MLP's training objective?","['In a multilayer perceptron, if the number of hidden units is less than the number of inputs, the ﬁrst layer performs a dimensionality reduction. The form of this reduction and the new space spanned by the hidden units depend on what the MLP is trained for. If the MLP is for classiﬁca- tion with output units following the hidden layer, then the new space is deﬁned and the mapping is learned to minimize classiﬁcation error (see ﬁgure 11.18).']","In a multilayer perceptron, when the number of hidden units is less than the number of inputs, the first layer performs a dimensionality reduction. The form of this reduction and the new space spanned by the hidden units depend on what the MLP is trained for. If the MLP is for classification with output units following the hidden layer, then the new space is defined and the mapping is learned to minimize classification error.",single_hop_specifc_query_synthesizer
How can analyzing the weights help understand what an MLP is doing?,['We can get an idea of what the MLP is doing by analyzing the weights. We know that the dot product is maximum when the two vectors are'],We can get an idea of what the MLP is doing by analyzing the weights.,single_hop_specifc_query_synthesizer
Wht is the structre and perfomance of the MLP used on the Optdigits data?,"['Figure 11.18 Optdigits data plotted in the space of the two hidden units of an MLP trained for classiﬁcation. Only the labels of one hundred data points are shown. This MLP with sixty-four inputs, two hidden units, and ten outputs has 80 percent accuracy. Because of the sigmoid, hidden unit values are between 0 and 1 and classes are clustered around the corners. This plot can be compared with the plots in chapter 6, which are drawn using other dimensionality reduction methods on the same']","The MLP trained for classification on the Optdigits data has sixty-four inputs, two hidden units, and ten outputs, achieving 80 percent accuracy. The hidden unit values are between 0 and 1 due to the sigmoid, and classes are clustered around the corners.",single_hop_specifc_query_synthesizer
"What are some neural network architectures used in supervised learning, and how do approaches like RBF networks and mixture of experts compare to MLPs?","['<1-hop>\n\nWe then discuss how supervised learning is implemented once the in- puts are localized. If the ﬁt in a local patch is constant, then the technique is named the radial basis function (RBF) network; if it is a linear function of the input, it is called the mixture of experts (MoE). We discuss both regression and classiﬁcation, and also compare this approach with MLP, which we discussed in chapter 11.', '<2-hop>\n\nSimard, P., B. Victorri, Y, Le Cun, and J. Denker. 1992. ""Tangent Prop: A Formal- ism for Specifying Selected Invariances in an Adaptive Network."" In Advances in Neural Information Processing Systems 4, ed. J. E. Moody, S. J. Hanson, and R. P. Lippman, 895–903. San Francisco: Morgan Kaufmann.\nTesauro, G. 1994. ""TD-Gammon, a Self-Teaching Backgammon Program, Achieves\nThagard, P. 2005. Mind: Introduction to Cognitive Science. 2nd ed. Cambridge,']","In supervised learning, neural network architectures such as radial basis function (RBF) networks and mixture of experts (MoE) are used depending on how the fit is modeled in localized input patches—RBF networks use a constant fit, while MoE uses a linear function of the input. These approaches are compared with multilayer perceptrons (MLPs), which are discussed in chapter 11. Additionally, research such as Simard et al.'s work on Tangent Prop explores methods for specifying invariances in adaptive networks, further contributing to the development of neural network architectures for supervised learning.",multi_hop_abstract_query_synthesizer
"how you do regression with gradient descent and also how you get analytical solution for regression, what is difference, use the info about softmax gating and when you can solve for wh without iteration?","['<1-hop>\n\nIn the cooperative case, yt to make it as close as possible to the required output, rt the error function is\ni is given by equation 12.46, and we would like i . In regression,\nUsing gradient descent, second-layer (expert) weight parameters are\nCompared with equation 12.26, we see that the only diﬀerence is that this new update is a function of the input.\nIf we use softmax gating (equation 12.49), using gradient descent we\nhave the following update rule for the hyperplanes:', '<2-hop>\n\nOnce mh and sh are given and ﬁxed, ph are also ﬁxed. Then wh can be trained easily batch or online. In the case of regression, this is a linear regression model (with ph as the inputs) and the wh can be solved analyt- ically without any iteration (section 4.6). In the case of classiﬁcation, we need to resort to an iterative procedure. We discussed learning methods for this in chapter 10 and do not repeat them here.']","In regression, gradient descent is used to update the second-layer (expert) weight parameters, especially when using softmax gating, where the update rule for the hyperplanes depends on the input. This involves iteratively adjusting the weights to minimize the error function. However, when mh and sh are given and fixed, and ph are also fixed, then wh can be trained easily in batch or online mode. In this case, for regression, it becomes a linear regression model with ph as the inputs, and the weights wh can be solved analytically without any iteration, as described in section 4.6. The main difference is that gradient descent requires iterative updates, while the analytical solution allows you to solve for wh directly in the regression case when the inputs are fixed.",multi_hop_abstract_query_synthesizer
"How does the hierarchial mixture of experts architechture with two levels, as formalized by Jordan and Jacobs (1994), relate to the development of neural networks for regression and classification, considering the contributions of Moody and Darken (1989) and other researchers in neural network learning?","['<1-hop>\n\n9. Formalize the hierarchical mixture of experts architecture with two levels. Derive the update equations using gradient descent for regression and clas- siﬁcation. SOLUTION: The following is from Jordan and Jacobs 1994; notation is slightly changed to match the notation of the book.', '<2-hop>\n\nMoody, J., and C. Darken. 1989. ""Fast Learning in Networks of Locally-Tuned\nOja, E. 1982. ""A Simpliﬁed Neuron Model as a Principal Component Analyzer.""\nOmohundro, S. M. 1987. ""Eﬃcient Algorithms with Neural Network Behavior.""\nSpecht, D. F. 1991. ""A General Regression Neural Network."" IEEE Transactions\nTresp, V., J. Hollatz, and S. Ahmad. 1997. ""Representing Probabilistic Rules with Networks of Gaussian Basis Functions."" Machine Learning 27:173–200.']","The hierarchical mixture of experts architecture with two levels, as formalized by Jordan and Jacobs (1994), provides a structured approach for combining multiple expert models using a gating network, and includes derivations of update equations for both regression and classification tasks using gradient descent. This architecture is closely related to the broader field of neural networks, as referenced in the works of Moody and Darken (1989), Oja (1982), Omohundro (1987), Specht (1991), and Tresp et al. (1997), who contributed to the development of fast learning algorithms, principal component analysis models, efficient neural network algorithms, general regression neural networks, and probabilistic rule representation with Gaussian basis functions. Together, these works illustrate the evolution and application of neural network techniques, including hierarchical mixture of experts, for advanced statistical modeling in regression and classification.",multi_hop_abstract_query_synthesizer
"How do kernel machines utilize kernel functions to extend traditional vector-based learning algorithms, and what are some examples of general-purpose kernel functions that illustrate this extension, particularly in the context of discriminant analysis and non-vector data representations?","['<1-hop>\n\nThe idea in kernel machines is to replace the inner product of ba- sis functions, φ(xt)Tφ(xs), by a kernel function, K(xt,xs), between in- stances in the original input space. So instead of mapping two instances xt and xs to the z-space and doing a dot product there, we directly apply the kernel function in the original space.\nThe kernel function also shows up in the discriminant', '<2-hop>\n\nThe most popular, general-purpose kernel functions are\nwhere q is selected by the user. For example, when q = 2 and d = 2,\nFigure 13.4 The discriminant and margins found by a polynomial kernel of degree 2. Circled instances are the support vectors.\nAn example is given in ﬁgure 13.4. When q = 1, we have the linear kernel that corresponds to the original formulation.', '<3-hop>\n\n4. Typically in most learning algorithms, data points are represented as vectors, and either dot product (as in the multilayer perceptrons) or Euclidean distance (as in radial basis function networks) is used. A kernel function allows us to go beyond that. For example, G1 and G2 may be two graphs and K(G1,G2) may correspond to the number of shared paths, which we can calculate without needing to represent G1 or G2 explicitly as vectors.']","Kernel machines utilize kernel functions by replacing the inner product of basis functions, φ(xt)Tφ(xs), with a kernel function, K(xt,xs), applied directly in the original input space. This approach allows the computation of similarities between instances without explicitly mapping them to a higher-dimensional feature space. In discriminant analysis, the kernel function appears in the discriminant, enabling the separation of data with complex boundaries. General-purpose kernel functions include polynomial kernels, where the degree q is selected by the user; for example, with q = 2 and d = 2, the discriminant and margins are determined by a polynomial kernel of degree 2, as illustrated in figure 13.4. When q = 1, the kernel reduces to the linear kernel, corresponding to the original formulation. Furthermore, kernel functions enable learning algorithms to handle non-vector data, such as graphs, by defining kernels like K(G1,G2), which can measure the number of shared paths between two graphs without requiring explicit vector representations. This demonstrates how kernel machines and kernel functions extend the applicability of learning algorithms beyond traditional vector-based approaches.",multi_hop_abstract_query_synthesizer
"How does the use of a quadratic kernel in kernelized regression, as illustrated by the fitted regression line and the (cid:7)-tube, relate to the general approach of kernel machines as maximum margin methods?","['<1-hop>\n\nThere is also an equivalent ν-SVM formulation for regression (Schölkopf et al. 2000), where instead of ﬁxing (cid:7), we ﬁx ν to bound the fraction of\nFigure 13.8 The ﬁtted regression line and the (cid:7)-tube using a quadratic kernel are shown (C = 10,(cid:7) = 0.25). Circled instances are the support vectors on the margins, squared instances are support vectors which are outliers.', '<2-hop>\n\nKernel machines are maximum margin methods that allow the model to be written as a sum of the inﬂuences of a subset of the training instances. These inﬂuences are given by application-speciﬁc simi- larity kernels, and we discuss ""kernelized"" classiﬁcation, regression, ranking, outlier detection and dimensionality reduction, and how to choose and use kernels.']","The use of a quadratic kernel in kernelized regression, as shown by the fitted regression line and the (cid:7)-tube, demonstrates how kernel machines operate as maximum margin methods. In this approach, the model is expressed as a sum of the influences of a subset of training instances, with these influences determined by application-specific similarity kernels such as the quadratic kernel. This allows for the implementation of kernelized regression, where the choice of kernel (in this case, quadratic) shapes the regression function and the margin, as visualized by the support vectors and the (cid:7)-tube.",multi_hop_abstract_query_synthesizer
how rbf network use nonlinear feature transformation when linear model not enough?,"['<1-hop>\n\nWe then discuss how supervised learning is implemented once the in- puts are localized. If the ﬁt in a local patch is constant, then the technique is named the radial basis function (RBF) network; if it is a linear function of the input, it is called the mixture of experts (MoE). We discuss both regression and classiﬁcation, and also compare this approach with MLP, which we discussed in chapter 11.', '<2-hop>\n\nWhen a linear model is not suﬃcient, one possibility is to deﬁne new features that are nonlinear functions of the input, for example, higher- order terms, and then build a linear model in the space of those features; we discussed this in section 10.2. This requires us to know what such\nFigure 11.22 Backpropagation through time: (a) recurrent network, and (b) its equivalent unfolded network that behaves identically in four steps.']","rbf network use nonlinear feature transformation by localizing inputs and fitting in local patches, which allows modeling cases where linear model not enough.",multi_hop_abstract_query_synthesizer
Wht is the rle of αt in the dual constrant for suport vector machnes?,"['Since γt ≥ 0, we can write this last as the constraint: 0 ≤ αt ≤ C. Plugging these into equation 13.57, we get the dual that we maximize with respect to αt:']",The role of αt in the dual constraint for support vector machines is that it must satisfy 0 ≤ αt ≤ C.,single_hop_specifc_query_synthesizer
"In the context of support vector machines, what does the parameter C represent?","['When we solve this, we again see that most of the instances vanish with their αt = 0; these are the typical, highly likely instances that fall inside the sphere (ﬁgure 13.10). There are two type of support vectors with αt > 0: There are instances that satisfy 0 < αt < C and lie on the boundary, (cid:16)xt −a(cid:16)2 = R2 (ξt = 0), which we use to calculate R. Instances that satisfy αt = C (ξt > 0) lie outside the boundary and are the outliers. From equation 13.59, we see that the center a is']",Instances with αt = C (ξt > 0) lie outside the boundary and are the outliers.,single_hop_specifc_query_synthesizer
How does the use of a polynomial kernel of degree 2 in support vector machines affect the shape of the decision boundary when identifying outliers?,"['Then given a test input x, we say that it is an outlier if\nUsing kernel functions, allow us to go beyond a sphere and deﬁne boundaries of arbitrary shapes. Replacing the dot product with a kernel function, we get (subject to the same constraints): (cid:5)\nFor example, using a polynomial kernel of degree 2 allows arbitrary quadratic surfaces to be used. If we use a Gaussian kernel (equation 13.30), we have a union of local spheres. We reject x as an outlier if (cid:5)']","Using a polynomial kernel of degree 2 allows support vector machines to define boundaries of arbitrary quadratic surfaces, rather than being limited to spherical boundaries. This enables the model to better capture complex relationships in the data when identifying outliers.",single_hop_specifc_query_synthesizer
How is R determined in the context of a one-class support vector machine with a Gaussian kernel?,"['Figure 13.11 One-class support vector machine using a Gaussian kernel with diﬀerent spreads.\nThe third term does not depend on x and is therefore a constant (we use this as an equality to solve for R where x is an instance on the mar- In the case of a Gaussian kernel where K(x,x) = 1, the condition gin). reduces to (cid:5)']","R is solved for using the equality where x is an instance on the margin, and in the case of a Gaussian kernel where K(x,x) = 1, the condition reduces to a specific form.",single_hop_specifc_query_synthesizer
cud yu explane wht is shon in figure 13.11 and how it relates to the proba- bility threshold Rc in the context of kernel density estimators and one-class support vector machines?,"['for some constant Rc, which is analogous to the kernel density estimator (section 8.2.2)—except for the sparseness of the solution—with a proba- bility threshold Rc (see ﬁgure 13.11).\nThere is also an alternative, equivalent ν-SVM type of formulation of one-class support vector machines that uses the canonical (1/2)(cid:16)w(cid:16)2 type of smoothness (Schölkopf et al. 2001).']","Figure 13.11 illustrates the probability threshold Rc, which is analogous to the kernel density estimator except for the sparseness of the solution, in the context of one-class support vector machines.",single_hop_specifc_query_synthesizer
Cud yu explane wht was discused in secton 8.6 and why a gud distnce mesure is importnt for nonparametric methds?,"['In chapter 8, we discussed nonparametric methods where instead of ﬁt- ting a global model to the data we interpolate from a subset of neighbor- ing instances, and speciﬁcally in section 8.6, we covered the importance of using a good distance measure. We now discuss a method to learn a distance measure from the data. Strictly speaking, this is not a kernel machine, but it uses the idea of keeping a margin in ranking, as we noted in section 13.11.']","In section 8.6, the importance of using a good distance measure was covered, particularly in the context of nonparametric methods where interpolation from a subset of neighboring instances is used instead of fitting a global model to the data.",single_hop_specifc_query_synthesizer
What is the main concept discussed in section 8.4?,"['The basic idea is to view k-nearest neighbor classiﬁcation (section 8.4) as a ranking problem. Let us say the k-nearest neighbors of xi contains two instances xj and xl such that xi and xj are of the same class and xl belongs to another class. In such a case, we want a distance measure such that the distance between xi and xl is more than xi and xj. Actually, we not only require that it be more but that there be a one-unit margin between them and if this is not satisﬁed, we have a slack']","Section 8.4 discusses viewing k-nearest neighbor classification as a ranking problem, where the goal is to ensure that the distance between an instance and a neighbor from a different class is greater, by at least a one-unit margin, than the distance to a neighbor from the same class.",single_hop_specifc_query_synthesizer
how variable transition probabilities work with temporal dependencies in model?,"['<1-hop>\n\nmodel is no longer homogeneous; diﬀerent observation and transition probabilities are used at diﬀerent time steps. There is still a single model for each state, parameterized by θj, but it generates diﬀerent transition or obser- vation probabilities depending on the input seen. It is possible that the input is not a single value but a window around time t making the input a vector; this allows handling applications where the input and observation sequences have diﬀerent lengths.', '<2-hop>\n\nActually, any graphical model can be extended in time by unfolding it in time and adding dependencies between successive copies. In fact, a hidden Markov model is nothing but a sequence of clustering problems where the cluster index at time t is dependent not only on observation at time t but also on the index at time t − 1, and the Baum-Welch algorithm is expectation-maximization extended to also include this dependency in time. In section 6.5, we discussed factor analysis where a small number']","model use different transition probabilities at different time steps, so it not homogeneous. this let model handle temporal dependencies because transition at time t depend on both input and previous state, like in hidden Markov model where cluster index at t depend on t-1 and observation.",multi_hop_abstract_query_synthesizer
"How can parameter estimation be performed in a hidden Markov model, and how does the graphical model representation help in understanding the dependencies between states for both first-order and second-order Markov models?","['<1-hop>\n\n2. Using the data generated by the previous exercise, estimate Π, A and compare\nwith the parameters used to generate the data.\n3. Formalize a second-order Markov model. What are the parameters? How can we calculate the probability of a given state sequence? How can the parame- ters be learned for the case of an observable model? SOLUTION: In a second-order model, the current state depends on the two previous states:\nInitial state probability deﬁnes the probability of the ﬁrst state:', '<2-hop>\n\nwhich implies that in state Sj, the observation is drawn from a normal with mean μj and variance σ 2\nj . The M-step equations in this case are\nWe discussed graphical models in chapter 14, and the hidden Markov model can also be depicted as a graphical model. The three successive states qt−2,qt−1,qt correspond to the three states on a chain in a ﬁrst- order Markov model. The state at time t, qt, depends only on the state at time t − 1, qt−1, and given qt−1, qt is independent of qt−2']","Parameter estimation in a hidden Markov model involves using data to estimate parameters such as the initial state probabilities (Π) and the transition matrix (A), as described in the first context segment. For a second-order Markov model, the current state depends on the two previous states, and the parameters include the initial state probabilities and the transition probabilities conditioned on the two preceding states. The graphical model representation, as discussed in the second context segment, helps visualize these dependencies: in a first-order Markov model, each state qt depends only on the previous state qt−1, making qt independent of qt−2 given qt−1. This graphical depiction clarifies how the dependencies change between first-order and second-order models, aiding in the formalization and parameter estimation process for hidden Markov models.",multi_hop_abstract_query_synthesizer
"How does graph-based modeling facilitate hierarchical representation in vision applications, and what role do local functions play in consolidating local evidences into consistent global interpretations?","['<1-hop>\n\nNote that the nodes need not correspond to low-level concepts like pix- els; in a vision application, for instance, we may have nodes for corners of diﬀerent types or lines of diﬀerent orientations with potential functions checking for compatibility, so as to see if they can be part of the same interpretation—remember the Necker cube, for example—so that overall consistent solutions emerge after the consolidation of local evidences.', '<2-hop>\n\nThe idea of visual representation of variables and dependencies be- tween them as a graph, and the related factorization of a complicated global function of many variables as a product of local functions involv- ing a small subset of the variables for each, seems to be used in diﬀerent domains in decision making, coding, and signal processing; Kschischang, Frey, and Loeliger (2001) give a review.']","Graph-based modeling facilitates hierarchical representation in vision applications by allowing nodes to represent higher-level concepts such as corners of different types or lines of different orientations, rather than just low-level elements like pixels. Potential functions are used to check for compatibility between these nodes, enabling the system to determine if they can be part of the same interpretation. This approach allows for the consolidation of local evidences, so that overall consistent solutions, such as the interpretation of ambiguous figures like the Necker cube, can emerge. The factorization of a complex global function into a product of local functions, each involving only a small subset of variables, supports this process by making it possible to efficiently combine local information into a coherent global interpretation.",multi_hop_abstract_query_synthesizer
"How does parameter learning in graphical models apply to Hidden Markov Models (HMMs), considering their relationship as a special class of graphical models?","['<1-hop>\n\nWe discussed graphical models in chapter 14, and we know that HMMs can be considered a special class of graphical models and inference and learning operations on HMMs are analogous to their counterparts in graph- ical models (Smyth, Heckerman, and Jordan 1997). There are various ex- tensions to HMMs, such as factorial HMMs, where at each time step, there are a number of states that collectively generate the observation and tree- structured HMMs where there is a hierarchy of states. The general', '<2-hop>\n\nAs in any approach, learning a graphical model has two parts. The ﬁrst is the learning of parameters given a structure; this is relatively easier (Buntine 1996), and, in graphical models, conditional probability tables or their parameterizations (as in equation 14.30) can be trained to max- imize the likelihood, or by using a Bayesian approach if suitable priors are known (chapter 16).']","Parameter learning in graphical models involves training conditional probability tables or their parameterizations to maximize likelihood or using a Bayesian approach if suitable priors are known. Since Hidden Markov Models (HMMs) are a special class of graphical models and their inference and learning operations are analogous to those in graphical models, parameter learning methods used for graphical models also apply to HMMs.",multi_hop_abstract_query_synthesizer
what factorial hmm look like in graphical models and how conditional probability used?,"['<1-hop>\n\nAnother HMM type that can be easily visualized is a factorial HMM, where there are multiple separate hidden sequences that interact to gen- erate a single observation sequence. An example is a pedigree that dis- plays the parent-child relationship (Jordan 2004); ﬁgure 15.6b models meiosis where the two sequences correspond to the chromosomes of the father and the mother (which are independent), and at each locus (gene), the oﬀspring receives one allele from the father and the other allele from', '<2-hop>\n\n1. With two independent inputs in a classiﬁcation problem, that is, p(x1,x2|C) = p(x1|C)p(x2|C), how can we calculate p(x1|x2,C)? Derive the formula for p(xj|Ci) ∼ N(μij,σ 2 ij).\n2. For a head-to-head node, show that equation 14.10 implies P(X,Y) = P(X) ·\n3. In ﬁgure 14.4, calculate P(R|W), P(R|W,S), and P(R|W,∼S).\n4. In equation 14.30, X is binary. How do we need to modify it if X can take one', '<3-hop>\n\np(Ot|qt = Sj,xt,λ) ∼ N(gj(xt|θj),σ 2 j )\nFigure 15.5 A hidden Markov model can be drawn as a graphical model where qt are the hidden states and shaded Ot are observed.\nwhere, for example, assuming a linear model, we have\nIf the observations are discrete and multinomial, we have a classiﬁer taking xt as input and generating a 1-of-M output, or we can generate posterior class probabilities and keep the observations continuous.']","factorial hmm have multiple hidden sequences that interact to make one observation sequence, like in pedigree with parent-child relation. in graphical models, hidden states qt and observed Ot are shown, and conditional probability like p(Ot|qt,xt,λ) is used to model how observations depend on hidden states and inputs.",multi_hop_abstract_query_synthesizer
what N mean in this context for prior for mu?,"['ters are μ and σ 2; we discussed this brieﬂy in section 4.4. The sample likelihood is\nThe conjugate prior for μ is Gaussian, p(μ) ∼ N(μ2']","N in this context refers to the Gaussian distribution, as the conjugate prior for μ is Gaussian, denoted by p(μ) ∼ N(μ2.",single_hop_specifc_query_synthesizer
what m mean in this thing?,"['where m = t xt/N is the sample average. We see that the mean of the posterior density (which is the MAP estimate), μN, is a weighted average of the prior mean μ0 and the sample mean m, with weights being inversely proportional to their variances (see ﬁgure 16.3 for an example). Note that because both coeﬃcients are between 0 and 1 and sum to 1, μN is always between μ0 and m. When the sample size N or the variance of the prior σ 2 0 is large, the posterior mean is close to m, relying more on the']","m is the sample average, defined as t xt/N.",single_hop_specifc_query_synthesizer
why σN small when N big?,"['σN gets smaller when either of σ0 or σ gets smaller or if N is larger. N, that is, the posterior Note also that σN is smaller than both σ0 and σ/ variance is smaller than both prior variance and that of m. Incorporating both results in a better posterior estimate than using any of the prior or sample alone.\nIf σ 2 is known, for new x, we can integrate over this posterior to make']",σN gets smaller when N is larger.,single_hop_specifc_query_synthesizer
"wut is teh roll of N (4,0.82) in teh baysean updatin process showen in teh figre 16.3, and how does it relate to teh posterior distrbution?","['We see that x is still Gaussian, that it is centered at the posterior mean, and that its variance now includes the uncertainty due to the estimation\nFigure 16.3 Twenty data points are drawn from p(x) ∼ N(6,1.52), prior is p(μ) ∼ N (4,0.82), and posterior is then p(μ|X) ∼ N (5.7,0.32).']","In the context provided, N (4,0.82) represents the prior distribution p(μ), which is a normal distribution with mean 4 and variance 0.82. This prior is combined with the observed data to produce the posterior distribution p(μ|X) ∼ N (5.7,0.32), reflecting the updated belief about μ after observing the data.",single_hop_specifc_query_synthesizer
"why σ 2 show up two time in Var(x) formula and what it mean for new x sample, i not sure if i get it right, can you explain?","['of the mean and the new sampled instance x. We can write x = μ + x(cid:14) where x(cid:14) ∼ N(0,σ 2); then E[x] = E[μ] + E[x(cid:14)] = μN and Var(x) = Var(μ)+Var(x(cid:14)) = σ 2 +σ 2, where this last follows from the fact that the N new x(cid:14) is an independent draw.']","Var(x) = Var(μ) + Var(x(cid:14)) = σ 2 + σ 2 because x is made up of μ and x(cid:14), and both μ and x(cid:14) have variance σ 2. This is because x(cid:14) is an independent draw from N(0,σ 2), so when you get a new x sample, its variance comes from both the mean and the new sampled instance, each contributing σ 2.",single_hop_specifc_query_synthesizer
"Cud yu explane how the dataset X is utilyzed in the process of classifcation, spesifically in the context of Gaussian classes and the calculation of p(x|X)?","['Once we get a distribution for p(x|X), we can use it for diﬀerent pur- poses. For example in classiﬁcation, this approach corresponds to as- suming Gaussian classes where means have a Gaussian prior and they are trained using Xi, the subset of X labeled by class Ci. Then, p(x|Xi) as calculated above, corresponds to p(x|Ci), which we combine with prior P(Ci) to get the posterior and hence a discriminant.']","In classification, the dataset X is used by taking Xi, the subset of X labeled by class Ci, to train the Gaussian class means with a Gaussian prior. The distribution p(x|Xi) is then calculated, which corresponds to p(x|Ci). This is combined with the prior P(Ci) to obtain the posterior and thus a discriminant.",single_hop_specifc_query_synthesizer
What does ν0 represent in the context of specifying a prior for variance?,"['If we do not know σ 2, we also need to estimate it. For the case of variance, we work with the precision, the reciprocal of the variance, λ ≡ 1/σ 2. Using this, the sample likelihood is written as\nThe conjugate prior for the precision is the gamma distribution:\nwhere we deﬁne a0 ≡ ν0/2 and b0 ≡ (ν0/2)s2 0 is our prior estimate of variance and ν0 is our conﬁdence in this prior—it may be thought of as the size of the imaginary sample on which we believe s2 0 is estimated.']",ν0 is our confidence in the prior estimate of variance and may be thought of as the size of the imaginary sample on which we believe s2 0 is estimated.,single_hop_specifc_query_synthesizer
"Wht is a disadvantge of bagged and boosted decison trees, and how can featur seletion help with the outputs of base-learners?","['<1-hop>\n\nOne disadvantage of combining is that the combined system is not in- terpretable. For example, even though decision trees are interpretable, bagged or boosted trees are not interpretable. Error-correcting codes with their weights as −1/0/ + 1 allow some form of interpretability. Mayoraz and Moreira (1997) discuss incremental methods for learning the error- correcting output codes where base-learners are added when needed. Allwein, Schapire, and Singer (2000) discuss various methods for cod- ing', '<2-hop>\n\nWe can actually think of the outputs of our base-learners as forming a feature vector for the later stage of combination, and we remember from chapter 6 that we have the same problem with features. Some may be just useless, and some may be highly correlated. Hence, we can use the same ideas of feature selection and extraction here too. Our ﬁrst approach is to select a subset from the set of base-learners, keeping some and discarding the rest, and the second approach is to deﬁne few, new,']","A disadvantge of bagged and boosted decison trees is that the combined system is not interpretable, even though individual decision trees are. Featur seletion can help by selecting a subset from the set of base-learners' outputs, keeping some and discarding the rest, to address issues like useless or highly correlated features.",multi_hop_abstract_query_synthesizer
"How does the use of a Dirichlet prior for multinomial variables, as described in the context of EM, relate to posterior inference for Gaussian components using the normal-Wishart prior, and how are these priors incorporated into the process of making predictions for new data points?","['<1-hop>\n\nLet us now write down the prior. Πi are multinomial variables and for them, we can use a Dirichlet prior as we discuss in section 16.2.1. For the Gaussian components, for the mean and precision (inverse covariance) matrix, we can use a normal-Wishart prior as we discuss in section 16.3:\nSo in using EM in this case, the E-step does not change, but in the M- step we maximize the posterior with this prior (Murphy 2012). Adding log of the posterior, equation 7.10 becomes', '<2-hop>\n\nThe conjugate joint prior is the normal-Wishart distribution:\np(μ,Λ|X) ∼ normal-Wishart(μN,κN,νN,VN)\nt(xt − m)(xt − m)T is the scatter matrix.\nTo make a prediction for new x, we integrate over the joint posterior:\nThat is, we get a (nonstandardized) multivariate t distribution having this mean and covariance with νN − d + 1 degrees of freedom.']","The Dirichlet prior is applied to multinomial variables in the model, as discussed in section 16.2.1, while for the Gaussian components, the mean and precision (inverse covariance) matrix are assigned a normal-Wishart prior, as described in section 16.3. In the EM algorithm, the E-step remains unchanged, but in the M-step, the posterior is maximized with these priors included. Specifically, the conjugate joint prior for the Gaussian parameters is the normal-Wishart distribution. For posterior inference and making predictions for new data points, the process involves integrating over the joint posterior, resulting in a (nonstandardized) multivariate t distribution with a mean and covariance determined by the updated parameters and degrees of freedom given by νN − d + 1. Thus, both the Dirichlet and normal-Wishart priors play crucial roles in posterior inference and prediction within this Bayesian framework.",multi_hop_abstract_query_synthesizer
"how ensemble methods like voting and bagging be like bayesian approach, but then why bayesian approach not always used, what problems make people use frequentist shortcuts instead, explain with examples from both ensemble methods and bayesian approach?","['<1-hop>\n\nSome ensemble methods such as voting are similar to Bayesian aver- aging (chapter 16). For example when we do bagging and train the same model on diﬀerent resampled training sets, we may consider them as be- ing samples from the posterior distribution, but other combination meth- ods such as mixture of experts and stacking go much beyond averaging over parameters or models.', '<2-hop>\n\nBayesian approach is interesting and promising, and has already worked successfully in many cases, but it is far from completely supplanting the nonBayesian, or frequentist, approach. For tractability, generative models may be quite simple—for example, latent Dirichlet analysis loses the or- dering or words—or the approximation methods may be hard to derive, and sampling methods slow to converge; hence frequentist shortcuts, (e.g., empirical Bayes), may be preferred in certain cases. Hence, it']","Ensemble methods like voting and bagging can be similar to the Bayesian approach because, when we train the same model on different resampled training sets (as in bagging), these models can be seen as samples from the posterior distribution, which is a key idea in Bayesian averaging. However, not all ensemble methods are just about averaging; some, like mixture of experts and stacking, go beyond just averaging over parameters or models. Even though the Bayesian approach is interesting and has worked well in many cases, it is not always used because it can be hard to apply in practice. For example, generative models used in Bayesian methods may need to be simple for tractability, like latent Dirichlet analysis which loses the ordering of words. Also, the approximation methods needed for Bayesian inference can be hard to derive, and sampling methods can be slow to converge. Because of these difficulties, people sometimes prefer frequentist shortcuts, like empirical Bayes, instead of a full Bayesian approach.",multi_hop_abstract_query_synthesizer
"how model complexity adjustment work in bayesian way and what role gaussian processes and ensemble methods like bagging or boosting play in this, explain with examples from context","['<1-hop>\n\nadded when necessary and network is grown during training, but usu- ally in parametric learning, adjusting model complexity is handled in an outer loop by checking performance on a separate validation set. The nonparametric Bayesian approach includes model adjustment in param- eter training by using a suitable prior (Gershman and Blei 2012). This makes such models more ﬂexible, and would have normally made them prone to overﬁtting if not for the Bayesian approach that alleviates this risk.', '<2-hop>\n\nAlpaydın, E., and E. Mayoraz. 1999. ""Learning Error-Correcting Output Codes from Data."" In Ninth International Conference on Artiﬁcial Neural Networks, 743–748. London: IEE Press.\nAvnimelech, R., and N. Intrator. 1997. ""Boosting Regression Estimators."" Neu-\nBreiman, L. 1996. ""Bagging Predictors."" Machine Learning 26:123–140.', '<3-hop>\n\nBecause it is the parameters that grow, the priors on such parameters should be able to handle that growth and we will discuss three example prior distributions for three diﬀerent type of machine learning applica- tions, namely, Gaussian processes for supervised learning, Dirichlet pro- cesses for clustering, and beta processes for dimensionality reduction.']","in bayesian approach, model complexity adjustment is not just done by checking performance on validation set like in parametric learning, but is included in parameter training by using suitable priors, making models more flexible and less prone to overfitting (<1-hop>). for example, gaussian processes are used for supervised learning and their priors can handle parameter growth as model complexity increases (<3-hop>). ensemble methods like bagging and boosting are also discussed as ways to improve prediction accuracy by combining multiple models (<2-hop>), and these can be used together with bayesian methods to further adjust complexity and reduce overfitting.",multi_hop_abstract_query_synthesizer
"How do support vector machines and Gaussian processes, as discussed in the provided references, differ in their approach to classification, and how might a Bayesian data analyst interpret the uncertainty or posterior variance in predictions made by these models?","['<1-hop>\n\nMayoraz, E., and M. Moreira. 1997. ""On the Decomposition of Polychotomies into Dichotomies."" In Fourteenth International Conference on Machine Learn- ing, ed. D. H. Fisher, 219–226. San Mateo, CA: Morgan Kaufmann.\nMerz, C. J. 1999. ""Using Correspondence Analysis to Combine Classiﬁers."" Ma-\nNoble, W. S. 2004. ""Support Vector Machine Applications in Computational Biol- ogy."" In Kernel Methods in Computational Biology, ed. B. Schölkopf, K. Tsuda, and J.-P. Vert, 71–92. Cambridge, MA: MIT Press.', '<2-hop>\n\nJordan, M. I., Z. Ghahramani, T. S. Jaakkola, L. K. Saul. 1999. ""An Introduction to Variational Methods for Graphical Models."" Machine Learning 37:183–233.\nMacKay, D. J. C. 1998. ""Introduction to Gaussian Processes."" In Neural Networks\nand Machine Learning, ed. C. M. Bishop, 133–166. Berlin: Springer.\nMacKay, D. J. C. 2003. Information Theory, Inference, and Learning Algorithms.\nMurphy, K. P. 2007. ""Conjugate Bayesian Analysis of the Gaussian Distribution.""']","Support vector machines (SVMs), as described in the context by Noble (2004), are primarily used for classification tasks in computational biology and operate by finding an optimal separating hyperplane between classes in a high-dimensional feature space. SVMs are typically deterministic in their predictions and do not inherently provide probabilistic measures of uncertainty. In contrast, Gaussian processes, introduced by MacKay (1998), are non-parametric Bayesian models that define a distribution over functions and naturally provide a measure of uncertainty or posterior variance in their predictions. For a Bayesian data analyst, this means that while SVMs focus on maximizing the margin between classes, Gaussian processes allow for the direct quantification of uncertainty in predictions through the posterior variance, enabling the analyst to update beliefs about the model as new data becomes available and to interpret the confidence in each prediction.",multi_hop_abstract_query_synthesizer
"How has ensemble learning been applied to handwritten digit recognition, and what are some methods for combining multiple classifiers?","['<1-hop>\n\n""Combining Multiple Representations and Classiﬁers for Pen-Based Handwritten Digit Recognition."" In Fourth In- ternational Conference on Document Analysis and Recognition, 637–640. Los Alamitos, CA: IEEE Computer Society.\nAllwein, E. L., R. E. Schapire, and Y. Singer. 2000. ""Reducing Multiclass to Binary: A Unifying Approach for Margin Classiﬁers."" Journal of Machine Learning Research 1:113–141.\nAlpaydın, E. 1997. ""Voting over Multiple Condensed Nearest Neighbors."" Artiﬁ-', '<2-hop>\n\nCombining multiple learners has been a popular topic in machine learn- ing since the early 1990s, and research has been going on ever since. Kuncheva (2004) discusses diﬀerent aspects of classiﬁer combination; the book also includes a section on combination of multiple clustering results.']","Ensemble learning has been applied to handwritten digit recognition by combining multiple representations and classifiers, as discussed in the context of pen-based digit recognition. Methods for combining multiple classifiers include approaches such as voting over multiple condensed nearest neighbors and other classifier combination techniques, which have been a popular research topic since the early 1990s.",multi_hop_abstract_query_synthesizer
What characterizes Q learning as a temporal difference algorithm?,"['Choose a using policy derived from Q, e.g., (cid:7)-greedy Take action a, observe r and s(cid:14) Update Q(s,a):\nFigure 18.5 Q learning, which is an oﬀ-policy temporal diﬀerence algorithm.\nknowledge of the system. For example, we may have an imperfect robot which sometimes fails to go in the intended direction and deviates, or advances shorter or longer than expected.\nIn such a case, we have (cid:5)']","Q learning is characterized as an off-policy temporal difference algorithm, where the policy used to choose actions can differ from the policy being evaluated, and updates to Q(s,a) are made based on observed rewards and transitions.",single_hop_specifc_query_synthesizer
What is the Q learning algorithm used for in reinforcement learning?,"['We cannot do a direct assignment in this case because for the same state and action, we may receive diﬀerent rewards or move to diﬀerent next states. What we do is keep a running average. This is known as the Q learning algorithm:\nˆQ(st,at) ← ˆQ(st,at) + η(rt+1 + γ max at+1']",The Q learning algorithm is used to keep a running average of values for state-action pairs when rewards or next states may differ for the same state and action.,single_hop_specifc_query_synthesizer
"Could you elaborate on the significance of Watkins in the context of Q-learning algorithms, particularly regarding convergence to optimal Q* values, as discussed in the provided material?","['ˆQ(st+1,at+1) values as a sample of instances for each (st,at) pair and we would like ˆQ(st,at) to converge to its mean. As usual η is gradually decreased in time for convergence, and it has been shown that this algorithm converges to the optimal Q∗ values (Watkins and Dayan 1992). The pseudocode of the Q learning algorithm is given in ﬁgure 18.5.']","Watkins is significant in the context of Q-learning algorithms because it has been shown that the algorithm converges to the optimal Q* values, as demonstrated by Watkins and Dayan in 1992.",single_hop_specifc_query_synthesizer
"what temporal difference (TD) algorithms do in RL, how they work?","['We can also think of equation 18.15 as reducing the diﬀerence between the current Q value and the backed-up estimate, from one time step later. Such algorithms are called temporal diﬀerence (TD) algorithms (Sutton 1988).\nThis is an oﬀ-policy method as the value of the best next action is used In an on-policy method, the policy is used to\nInitialize all Q(s,a) arbitrarily For all episodes Initalize s Choose a using policy derived from Q, e.g., (cid:7)-greedy Repeat']",Temporal difference (TD) algorithms reduce the difference between the current Q value and the backed-up estimate from one time step later. These algorithms are called temporal difference (TD) algorithms.,single_hop_specifc_query_synthesizer
What distinguishes Q learning from the Sarsa algorithm?,"['Take action a, observe r and s(cid:14) Choose a(cid:14) using policy derived from Q, e.g., (cid:7)-greedy Update Q(s,a):\ns ← s(cid:14), a ← a(cid:14) Until s is terminal state\nFigure 18.6 Sarsa algorithm, which is an on-policy version of Q learning.']",The Sarsa algorithm is described as an on-policy version of Q learning.,single_hop_specifc_query_synthesizer
wut is sarsa in rl?,"['determine also the next action. The on-policy version of Q learning is the Sarsa algorithm whose pseudocode is given in ﬁgure 18.6. We see that instead of looking for all possible next actions a(cid:14) and choosing the best, the on-policy Sarsa uses the policy derived from Q values to choose one next action a(cid:14) and uses its Q value to calculate the temporal diﬀerence. On-policy methods estimate the value of a policy while using it to take actions. In oﬀ-policy methods, these are']",Sarsa is the on-policy version of Q learning that uses the policy derived from Q values to choose one next action and uses its Q value to calculate the temporal difference.,single_hop_specifc_query_synthesizer
Does Sarsa guarantee convergence to the optimal policy under a GLIE policy?,"['Sarsa converges with probability 1 to the optimal policy and state- action values if a GLIE policy is employed to choose actions. A GLIE (greedy in the limit with inﬁnite exploration) policy is where (1) all state- action pairs are visited an inﬁnite number of times, and (2) the policy converges in the limit to the greedy policy (which can be arranged, e.g., with (cid:7)-greedy policies by setting (cid:7) = 1/t).']",Sarsa converges with probability 1 to the optimal policy and state-action values if a GLIE policy is employed to choose actions.,single_hop_specifc_query_synthesizer
"Whatt arr the limmitations of compparing algorithhms in machine leaarning experimments, and whyy do error rate comparrisons across diffferent applicattions not provvide conclusive resullts?","['<1-hop>\n\nAs in other branches of science and engineering, in machine learning too, we do experiments to get information about the process under scrutiny. In our case, this is a learner, which, having been trained on a dataset, generates an output for a given input. An experiment is a test or a series of tests where we play with the factors that aﬀect the output. These factors may be the algorithm used, the training set, input features, and so on, and we observe the changes in the response to be able to', '<2-hop>\n\nBefore proceeding with the details of these tests, it should be stressed that it does not make sense to compare error rates of algorithms on a whole variety of applications. Because there is no such thing as the ""best learning algorithm,"" such tests would not be conclusive. However, we can compare algorithms on a number of datasets, or versions, of the same ap- plication. For example, we may have a number of diﬀerent datasets for face recognition but with diﬀerent properties (resolution,']","In machine learning experiments, although we conduct tests by varying factors such as the algorithm, training set, and input features to observe their effects on the learner's output, there are significant limitations to comparing algorithms. Specifically, it does not make sense to compare error rates of algorithms across a wide variety of applications because there is no universally 'best learning algorithm.' Such comparisons are not conclusive, as the performance of an algorithm can vary greatly depending on the dataset or application properties. Therefore, meaningful comparisons should be restricted to a number of datasets or versions of the same application, such as different datasets for face recognition with varying properties.",multi_hop_abstract_query_synthesizer
"How is hypothesis testing applied to classification metrics such as error rates, and what formulas are used to calculate these metrics?","['<1-hop>\n\nFor example, for H0 : μ = μ0 vs H1 : μ (cid:5)= μ0, we fail to reject at signiﬁ-\nwhich is known as the two-sided t test. A one-sided t test can be deﬁned similarly.\nNow that we have reviewed hypothesis testing, we are ready to see how it is used in testing error rates. We will discuss the case of classiﬁca- tion error, but the same methodology applies for squared error in re- gression, log likelihoods in unsupervised learning, expected reward in', '<2-hop>\n\nFormula (fp + fn)/N (tp + tn)/N = 1−error tp/p fp/n tp/p(cid:14) tp/p = tp-rate tp/p = tp-rate tn/n = 1− fp-rate\nhave a true negative, and we have a false positive if we predict a negative example as positive.']","Hypothesis testing is applied to classification metrics by using tests like the two-sided t test to evaluate error rates. For classification error, the formula (fp + fn)/N is used, where fp is false positives, fn is false negatives, and N is the total number of examples. Additional metrics include tp/p for true positive rate and tn/n for true negative rate, with the relationship (tp + tn)/N = 1−error.",multi_hop_abstract_query_synthesizer
what happen if do null hypothesis testing for classification algorithms comparison when error rates same?,"['<1-hop>\n\nThat is, varying the threshold decision corresponds to varying the relative cost of false positives and false negatives.\n2. We can simulate a classiﬁer with error probability p by drawing samples from a Bernoulli distribution. Doing this, implement the binomial, approximate, and t tests for p0 ∈ (0,1). Repeat these tests at least 1,000 times for sev- eral values of p and calculate the probability of rejecting the null hypothesis. What do you expect the probability of reject to be when p0 = p?', '<2-hop>\n\nIf the two classiﬁcation algorithms have the same error rate, then we expect them to have the same mean, or equivalently, that the diﬀerence of their means is 0. The diﬀerence in error rates on fold i is pi = p1 i . This i is a paired test; that is, for each i, both algorithms see the same training and validation sets. When this is done K times, we have a distribution of pi containing K points. Given that p1 i are both (approximately)']","if do null hypothesis testing for classification algorithms comparison and error rates same, then difference of means is 0, so probability of reject null hypothesis is low when p0 = p.",multi_hop_abstract_query_synthesizer
"how compare more than two algorithms for error rates and what about comparing just two algorithms, what is difference in algorithm comparison?","['<1-hop>\n\nIn many cases, we have more than two algorithms, and we would like to compare their expected error. Given L algorithms, we train them on K training sets, induce K classiﬁers with each algorithm, and then test them on K validation sets and record their error rates. This gives us L groups of K values. The problem then is the comparison of these L samples for statistically signiﬁcant diﬀerence. This is an experiment with a single factor with L levels, the learning algorithms, and there are K', '<2-hop>\n\nLet us say we want to compare two algorithms. We both train and validate them on i = 1,...,N diﬀerent datasets in a paired manner—that is, all the conditions except the diﬀerent algorithms should be identical. We get results e1 i and if we use K-fold cross-validation on each dataset, these are averages or medians of the K values. The sign test is based on the idea that if the two algorithms have equal error, on each dataset, there should be 1/2 probability that the ﬁrst has less error than the']","when compare more than two algorithms, we train each on K training sets, test on K validation sets, and get L groups of K error rates, then check for statistically significant difference between L samples. but when compare just two algorithms, we train and validate both on N datasets in paired way, and use sign test to see if one has less error, with 1/2 chance if equal. so, comparing many algorithms uses groups and statistical tests, comparing two uses paired datasets and sign test.",multi_hop_abstract_query_synthesizer
"how you stop overfitting when you do experimental design in machine learning, like if you use validation set for testing and choosing algorithms, what you supposed to do with test set so results not biased?","['<1-hop>\n\n3. Because we also use the validation set(s) for testing purposes, for ex- ample, for choosing the better of two learning algorithms, or to decide where to stop learning, it eﬀectively becomes part of the data we use. When after all such tests, we decide on a particular algorithm and want to report its expected error, we should use a separate test set for this purpose, unused during training this ﬁnal system. This data should have never been used before for training or validation and should be', '<2-hop>\n\nWhen we train a learner on a dataset using a training set and test its accuracy on some validation set and try to draw conclusions, what we are doing is experimentation. Statistics deﬁnes a methodology to design experiments correctly and analyze the collected data in a manner so as to be able to extract signiﬁcant conclusions (Montgomery 2005). In this chapter, we will see how this methodology can be used in the context of machine learning.']","to stop overfitting when doing experimental design in machine learning, if you use the validation set for testing and picking which algorithm is better or when to stop learning, you should use a separate test set that was never used before for training or validation when you want to report the expected error of the final system. this way, the test set stays unbiased and helps prevent overfitting. statistics gives methods for designing experiments and analyzing data so you can get significant conclusions.",multi_hop_abstract_query_synthesizer
"How can neural networks be trained using supervised learning algorithms, and how does K-fold cross-validation help address the challenges of small datasets in this context?","['<1-hop>\n\nOnce such a set is ready, we can use any supervised learning algorithm for learning the training set.\nIf we are using a gradient descent method, as in training neural net-\nworks, the parameter vector is updated as\nThis is a one-step update. In the case of Sarsa(λ), the eligibility trace is\nwhere the temporal diﬀerence error is\nand the vector of eligibilities of parameters are updated as', '<2-hop>\n\nFor replication purposes, our ﬁrst need is to get a number of training and validation set pairs from a dataset X (after having left out some part as the test set). To get them, if the sample X is large enough, we can randomly divide it into K parts, then randomly divide each part into two and use one half for training and the other half for validation. K is typically 10 or 30. Unfortunately, datasets are never large enough to do this. So we should do our best with small datasets. This is done']","Neural networks can be trained using supervised learning algorithms such as gradient descent, where the parameter vector is updated in a one-step update process. When applying these methods, especially with small datasets, K-fold cross-validation is used to generate multiple training and validation set pairs by dividing the dataset into K parts. Each part is then split into training and validation subsets, allowing for more reliable evaluation and replication of results despite the limited data.",multi_hop_abstract_query_synthesizer
"How does statistical power relate to the ability to detect differences in means, and how is rank-based statistical analysis used to test for differences between groups using ranks?","['<1-hop>\n\n1 − β(μ) is called the power function of the test and is equal to the probability of rejection when μ is the true value. Type II error probability increases as μ and μ0 gets closer, and we can calculate how large a sample we need for us to be able to detect a diﬀerence δ = |μ−μ0| with suﬃcient power.\nOne can also have a one-sided test of the form', '<2-hop>\n\nwhere Rmax and Rmin are the largest and smallest means (of ranks), re- spectively, out of the L means, and σ 2 w is the average variance of ranks around group rank averages. We reject the null hypothesis that groups i and j have the same ranks in favor of the alternative hypothesis that they are diﬀerent if\nwhere qα(L,L(K − 1)) are tabulated. One-sided tests can also be deﬁned to order algorithms in terms of average rank.']","Statistical power, defined as 1 − β(μ), is the probability of correctly rejecting the null hypothesis when μ is the true value, and it increases with larger differences between μ and μ0. To detect a difference δ = |μ−μ0| with sufficient power, one must calculate the necessary sample size. In rank-based statistical analysis, differences between groups are tested by comparing the largest and smallest means of ranks (Rmax and Rmin) and considering the average variance of ranks around group averages (σ²w). The null hypothesis that groups have the same ranks is rejected if the test statistic, which involves these rank means and variances, exceeds a tabulated threshold. One-sided tests can also be used to order algorithms based on average rank.",multi_hop_abstract_query_synthesizer
Could you provide a comprehensive explanation of canonical correlation and its relevance in applied machine learning analysis?,"['Bias unit, 271 Bias/variance dilemma, 82 BIC, see Bayesian information\nCCA, see Canonical correlation\nCompetitive basis functions, 335 Competitive learning, 318 Complete-link clustering, 177 Component density, 162 Compression, 8, 164 Condensed nearest neighbor, 194 Conditional independence, 388 Conﬁdence interval one-sided, 567 two-sided, 566\nEarly stopping, 253, 292 ECOC, see Error-correcting output\nsupervised, 337 Expected error, 548 Experiment']","Canonical correlation, referenced as CCA in the context, is a statistical method used in applied machine learning analysis. While the context lists CCA as an abbreviation for canonical correlation, it does not provide further details or explanations about its definition or application.",single_hop_specifc_query_synthesizer
what kernel estimator mean,"['coupled, 436 factorial, 435 left-to-right, 436 switching, 436\ncross-validation, 559 cv paired t test, 574 k-means clustering, 165\nk-nn, see k-nearest neighbor Kalman ﬁlter, 436 Karhunen-Loève expansion, 127 Kernel estimator, 189 Kernel function, 188, 360, 463 Kernel PCA, 379 Kernel smoother, 203 Kernelization, 361 Knowledge extraction, 8, 226, 333 Kolmogorov complexity, 86 Kruskal-Wallis test, 583 Kullback-Leibler distance, 473']","Kernel estimator, 189",single_hop_specifc_query_synthesizer
What is the reference for likelihood-based classification in the provided context?,"['Least squares estimate, 79 Leave-one-out, 559 Left-to-right HMM, 436 Level of signiﬁcance, 569 Levels of analysis, 268 Lift of an association rule, 57 Likelihood, 66 Likelihood ratio, 60 Likelihood-based classiﬁcation, 239 Linear classiﬁer, 103, 246 Linear discriminant, 103, 240 Linear discriminant analysis, 140 Linear dynamical system, 436 Linear opinion pool, 492 Linear regression, 79 multivariate, 109']",Likelihood-based classification is referenced on page 239 in the provided context.,single_hop_specifc_query_synthesizer
Wht is logistic discrimnation?,"['Linear separability, 245 Local outlier factor, 200 Local representation, 326 Locally linear embedding, 150 Locally weighted running line\nLoess, see Locally weighted running\nline smoother Log likelihood, 66 Log odds, 61, 248 Logistic discrimination, 250 Logistic function, 248 Logit, 248 Loss function, 53 LVQ, see Learning vector']",Logistic discrimination is referenced on page 250.,single_hop_specifc_query_synthesizer
what model evidence mean in machine learning stuff?,"['estimation Model combination multiexpert, 491 multistage, 491 Model evidence, 467 Model selection, 38 MoE, see Mixture of experts Momentum, 291 Moralization, 408 Multi-view learning, 489 Multidimensional scaling, 137\nParzen windows, 189 Pattern recognition, 6 PCA, see Principal component\nPolytree, 404 POMDP, see Partially observable Markov decision process']","Model evidence is mentioned on page 467 in the context, but no further explanation or definition is provided.",single_hop_specifc_query_synthesizer
how rbf and k-means clustering used together,"['<1-hop>\n\nRBF, see Radial basis function Real time recurrent learning, 306 Recall, 564 Receiver operating characteristics,\ndistributed vs. local, 326 Response surface design, 553 Ridge regression, 301, 460 Ripper, 227 Risk function, 53 Robust regression, 369 ROC, see Receiver operating\nRSE, see Relative square error Rule\nextraction, 333 induction, 226 pruning, 226 Rule support, 226 Rule value metric, 227 Running smoother', '<2-hop>\n\ncoupled, 436 factorial, 435 left-to-right, 436 switching, 436\ncross-validation, 559 cv paired t test, 574 k-means clustering, 165\nk-nn, see k-nearest neighbor Kalman ﬁlter, 436 Karhunen-Loève expansion, 127 Kernel estimator, 189 Kernel function, 188, 360, 463 Kernel PCA, 379 Kernel smoother, 203 Kernelization, 361 Knowledge extraction, 8, 226, 333 Kolmogorov complexity, 86 Kruskal-Wallis test, 583 Kullback-Leibler distance, 473']","RBF mean radial basis function, and k-means clustering is a method listed in context. Both can be used together where k-means clustering finds cluster centers and then RBF use these centers as basis function centers for modeling or classification.",multi_hop_abstract_query_synthesizer
"How does the concept of linear separability relate to the use of support vector machines in supervised learning, and why is it important for their application?","['<1-hop>\n\nSum-product algorithm, 409 Supervised learning, 9 Support of an association rule, 57 Support vector machine, 353 SVM, see Support vector machine Switching HMM, 436 Synapse, 268 Synaptic weight, 271\nt distribution, 567 t test, 570 Tangent prop, 297 TD, see Temporal diﬀerence Template matching, 104 Temporal diﬀerence, 525', '<2-hop>\n\nLinear separability, 245 Local outlier factor, 200 Local representation, 326 Locally linear embedding, 150 Locally weighted running line\nLoess, see Locally weighted running\nline smoother Log likelihood, 66 Log odds, 61, 248 Logistic discrimination, 250 Logistic function, 248 Logit, 248 Loss function, 53 LVQ, see Learning vector']","Support vector machines (SVMs) are a supervised learning method, as indicated in the context, and their effectiveness is closely tied to the concept of linear separability. Linear separability refers to the ability to separate data points of different classes using a straight line (in two dimensions) or a hyperplane (in higher dimensions), as mentioned in the context segment on linear separability. SVMs are designed to find the optimal separating hyperplane that maximizes the margin between classes. Therefore, linear separability is important for the application of support vector machines because SVMs perform best when the data is linearly separable, allowing them to clearly distinguish between classes and make accurate predictions.",multi_hop_abstract_query_synthesizer
